{"type":"FeatureCollection","features":[{"type":"Feature","properties":{},"geometry":{"type":"Point","coordinates":[13.108,56.964]}},{"type":"Feature","properties":{},"geometry":{"type":"Point","coordinates":[13.833,55.128]}},{"type":"Feature","properties":{},"geometry":{"type":"Point","coordinates":[15.517,56.925]}},{"type":"Feature","properties":{},"geometry":{"type":"Point","coordinates":[12.14,55.677]}},{"type":"Feature","properties":{},"geometry":{"type":"Point","coordinates":[13.607,56.515]}},{"type":"Feature","properties":{},"geometry":{"type":"Point","coordinates":[18.242,57.658]}},{"type":"Feature","properties":{},"geometry":{"type":"Point","coordinates":[14.892,56.974]}},{"type":"Feature","properties":{},"geometry":{"type":"Point","coordinates":[13.282,55.221]}},{"type":"Feature","properties":{},"geometry":{"type":"Point","coordinates":[11.839,55.791]}},{"type":"Feature","properties":{},"geometry":{"type":"Point","coordinates":[11.534,57.966]}},{"type":"Feature","properties":{},"geometry":{"type":"Point","coordinates":[14.709,55.163]}},{"type":"Feature","properties":{},"geometry":{"type":"Point","coordinates":[15.589,55.451]}},{"type":"Feature","properties":{},"geometry":{"type":"Point","coordinates":[15.698,55.936]}},{"type":"Feature","properties":{},"geometry":{"type":"Point","coordinates":[13.579,54.532]}},{"type":"Feature","properties":{},"geometry":{"type":"Point","coordinates":[15.654,56.352]}},{"type":"Feature","properties":{},"geometry":{"type":"Point","coordinates":[12.544,55.42]}},{"type":"Feature","properties":{},"geometry":{"type":"Point","coordinates":[11.691,58.218]}},{"type":"Feature","properties":{},"geometry":{"type":"Point","coordinates":[13.282,55.855]}},{"type":"Feature","properties":{},"geometry":{"type":"Point","coordinates":[12.256,55.171]}},{"type":"Feature","properties":{},"geometry":{"type":"Point","coordinates":[13.032,56.239]}},{"type":"Feature","properties":{},"geometry":{"type":"Point","coordinates":[18.779,58.562]}},{"type":"Feature","properties":{},"geometry":{"type":"Point","coordinates":[13.41,57.339]}},{"type":"Feature","properties":{},"geometry":{"type":"Point","coordinates":[13.76,55.829]}},{"type":"Feature","properties":{},"geometry":{"type":"Point","coordinates":[10.32,56.613]}},{"type":"Feature","properties":{},"geometry":{"type":"Point","coordinates":[10.068,58.101]}},{"type":"Feature","properties":{},"geometry":{"type":"Point","coordinates":[12.623,55.82]}},{"type":"Feature","properties":{},"geometry":{"type":"Point","coordinates":[18.167,58.277]}},{"type":"Feature","properties":{},"geometry":{"type":"Point","coordinates":[12.123,57.457]}},{"type":"Feature","properties":{},"geometry":{"type":"Point","coordinates":[15.189,55.948]}},{"type":"Feature","properties":{},"geometry":{"type":"Point","coordinates":[11.333,56.997]}},{"type":"Feature","properties":{},"geometry":{"type":"Point","coordinates":[12.591,56.181]}},{"type":"Feature","properties":{},"geometry":{"type":"Point","coordinates":[14.858,57.148]}},{"type":"Feature","properties":{},"geometry":{"type":"Point","coordinates":[13.022,57.336]}},{"type":"Feature","properties":{},"geometry":{"type":"Point","coordinates":[12.898,56.137]}},{"type":"Feature","properties":{},"geometry":{"type":"Point","coordinates":[13.031,57.279]}},{"type":"Feature","properties":{},"geometry":{"type":"Point","coordinates":[13.289,55.011]}},{"type":"Feature","properties":{},"geometry":{"type":"Point","coordinates":[18.179,58.161]}},{"type":"Feature","properties":{},"geometry":{"type":"Point","coordinates":[18.823,58.083]}},{"type":"Feature","properties":{},"geometry":{"type":"Point","coordinates":[14.571,56.511]}},{"type":"Feature","properties":{},"geometry":{"type":"Point","coordinates":[11.998,57.92]}},{"type":"Feature","properties":{},"geometry":{"type":"Point","coordinates":[12.968,56.308]}},{"type":"Feature","properties":{},"geometry":{"type":"Point","coordinates":[17.836,58.988]}},{"type":"Feature","properties":{},"geometry":{"type":"Point","coordinates":[13.574,57.33]}},{"type":"Feature","properties":{},"geometry":{"type":"Point","coordinates":[17.259,58.749]}},{"type":"Feature","properties":{},"geometry":{"type":"Point","coordinates":[19.742,59.4]}},{"type":"Feature","properties":{},"geometry":{"type":"Point","coordinates":[18.287,59.014]}},{"type":"Feature","properties":{},"geometry":{"type":"Point","coordinates":[12.204,57.482]}},{"type":"Feature","properties":{},"geometry":{"type":"Point","coordinates":[15.705,56.854]}},{"type":"Feature","properties":{},"geometry":{"type":"Point","coordinates":[14.503,56.739]}},{"type":"Feature","properties":{},"geometry":{"type":"Point","coordinates":[18.088,60.353]}},{"type":"Feature","properties":{},"geometry":{"type":"Point","coordinates":[11.493,58.452]}},{"type":"Feature","properties":{},"geometry":{"type":"Point","coordinates":[12.53,56.566]}},{"type":"Feature","properties":{},"geometry":{"type":"Point","coordinates":[16.908,57.828]}},{"type":"Feature","properties":{},"geometry":{"type":"Point","coordinates":[14.482,57.195]}},{"type":"Feature","properties":{},"geometry":{"type":"Point","coordinates":[19.302,60.316]}},{"type":"Feature","properties":{},"geometry":{"type":"Point","coordinates":[14.445,56.427]}},{"type":"Feature","properties":{},"geometry":{"type":"Point","coordinates":[11.206,58.149]}},{"type":"Feature","properties":{},"geometry":{"type":"Point","coordinates":[13.15,56.492]}},{"type":"Feature","properties":{},"geometry":{"type":"Point","coordinates":[15.502,56.732]}},{"type":"Feature","properties":{},"geometry":{"type":"Point","coordinates":[13.415,58.609]}},{"type":"Feature","properties":{},"geometry":{"type":"Point","coordinates":[13.082,57.349]}},{"type":"Feature","properties":{},"geometry":{"type":"Point","coordinates":[11.365,58.014]}},{"type":"Feature","properties":{},"geometry":{"type":"Point","coordinates":[17.81,59.061]}},{"type":"Feature","properties":{},"geometry":{"type":"Point","coordinates":[12.524,58.114]}},{"type":"Feature","properties":{},"geometry":{"type":"Point","coordinates":[12.586,57.858]}},{"type":"Feature","properties":{},"geometry":{"type":"Point","coordinates":[17.729,58.321]}},{"type":"Feature","properties":{},"geometry":{"type":"Point","coordinates":[13.329,55.953]}},{"type":"Feature","properties":{},"geometry":{"type":"Point","coordinates":[18.036,59.94]}},{"type":"Feature","properties":{},"geometry":{"type":"Point","coordinates":[11.511,58.069]}},{"type":"Feature","properties":{},"geometry":{"type":"Point","coordinates":[14.038,56.726]}},{"type":"Feature","properties":{},"geometry":{"type":"Point","coordinates":[17.97,59.433]}},{"type":"Feature","properties":{},"geometry":{"type":"Point","coordinates":[15.231,54.729]}},{"type":"Feature","properties":{},"geometry":{"type":"Point","coordinates":[12.056,55.476]}},{"type":"Feature","properties":{},"geometry":{"type":"Point","coordinates":[12.711,57.212]}},{"type":"Feature","properties":{},"geometry":{"type":"Point","coordinates":[13.744,56.03]}},{"type":"Feature","properties":{},"geometry":{"type":"Point","coordinates":[13.145,57.02]}},{"type":"Feature","properties":{},"geometry":{"type":"Point","coordinates":[12.513,58.215]}},{"type":"Feature","properties":{},"geometry":{"type":"Point","coordinates":[13.594,56.419]}},{"type":"Feature","properties":{},"geometry":{"type":"Point","coordinates":[12.814,55.585]}},{"type":"Feature","properties":{},"geometry":{"type":"Point","coordinates":[11.925,56.599]}},{"type":"Feature","properties":{},"geometry":{"type":"Point","coordinates":[12.08,56.668]}},{"type":"Feature","properties":{},"geometry":{"type":"Point","coordinates":[10.438,58.158]}},{"type":"Feature","properties":{},"geometry":{"type":"Point","coordinates":[11.966,56.437]}},{"type":"Feature","properties":{},"geometry":{"type":"Point","coordinates":[12.55,56.222]}},{"type":"Feature","properties":{},"geometry":{"type":"Point","coordinates":[18.533,59.175]}},{"type":"Feature","properties":{},"geometry":{"type":"Point","coordinates":[13.015,59.01]}},{"type":"Feature","properties":{},"geometry":{"type":"Point","coordinates":[12.147,57.46]}},{"type":"Feature","properties":{},"geometry":{"type":"Point","coordinates":[14.033,56.511]}},{"type":"Feature","properties":{},"geometry":{"type":"Point","coordinates":[13.308,54.867]}},{"type":"Feature","properties":{},"geometry":{"type":"Point","coordinates":[13.165,55.764]}},{"type":"Feature","properties":{},"geometry":{"type":"Point","coordinates":[11.893,59.096]}},{"type":"Feature","properties":{},"geometry":{"type":"Point","coordinates":[15.228,56.905]}},{"type":"Feature","properties":{},"geometry":{"type":"Point","coordinates":[13.466,55.56]}},{"type":"Feature","properties":{},"geometry":{"type":"Point","coordinates":[16.045,57.257]}},{"type":"Feature","properties":{},"geometry":{"type":"Point","coordinates":[13.794,57.889]}},{"type":"Feature","properties":{},"geometry":{"type":"Point","coordinates":[13.755,55.415]}},{"type":"Feature","properties":{},"geometry":{"type":"Point","coordinates":[10.997,56.661]}},{"type":"Feature","properties":{},"geometry":{"type":"Point","coordinates":[12.65,53.606]}},{"type":"Feature","properties":{},"geometry":{"type":"Point","coordinates":[10.943,57.644]}},{"type":"Feature","properties":{},"geometry":{"type":"Point","coordinates":[11.644,55.388]}},{"type":"Feature","properties":{},"geometry":{"type":"Point","coordinates":[11.977,55.065]}},{"type":"Feature","properties":{},"geometry":{"type":"Point","coordinates":[18.001,58.83]}},{"type":"Feature","properties":{},"geometry":{"type":"Point","coordinates":[14.913,55.67]}},{"type":"Feature","properties":{},"geometry":{"type":"Point","coordinates":[17.775,59.678]}},{"type":"Feature","properties":{},"geometry":{"type":"Point","coordinates":[12.104,55.284]}},{"type":"Feature","properties":{},"geometry":{"type":"Point","coordinates":[15.72,55.765]}},{"type":"Feature","properties":{},"geometry":{"type":"Point","coordinates":[15.197,56.613]}},{"type":"Feature","properties":{},"geometry":{"type":"Point","coordinates":[11.531,54.778]}},{"type":"Feature","properties":{},"geometry":{"type":"Point","coordinates":[14.88,55.886]}},{"type":"Feature","properties":{},"geometry":{"type":"Point","coordinates":[18.411,58.825]}},{"type":"Feature","properties":{},"geometry":{"type":"Point","coordinates":[12.709,55.093]}},{"type":"Feature","properties":{},"geometry":{"type":"Point","coordinates":[13.623,56.296]}},{"type":"Feature","properties":{},"geometry":{"type":"Point","coordinates":[12.453,56.441]}},{"type":"Feature","properties":{},"geometry":{"type":"Point","coordinates":[11.401,56.643]}},{"type":"Feature","properties":{},"geometry":{"type":"Point","coordinates":[13.574,56.1]}},{"type":"Feature","properties":{},"geometry":{"type":"Point","coordinates":[15.804,55.69]}},{"type":"Feature","properties":{},"geometry":{"type":"Point","coordinates":[13.216,55.797]}},{"type":"Feature","properties":{},"geometry":{"type":"Point","coordinates":[12.888,55.382]}},{"type":"Feature","properties":{},"geometry":{"type":"Point","coordinates":[15.199,55.885]}},{"type":"Feature","properties":{},"geometry":{"type":"Point","coordinates":[17.402,59.251]}},{"type":"Feature","properties":{},"geometry":{"type":"Point","coordinates":[15.581,55.759]}},{"type":"Feature","properties":{},"geometry":{"type":"Point","coordinates":[18.273,58.512]}},{"type":"Feature","properties":{},"geometry":{"type":"Point","coordinates":[14.133,55.676]}},{"type":"Feature","properties":{},"geometry":{"type":"Point","coordinates":[12.105,57.299]}},{"type":"Feature","properties":{},"geometry":{"type":"Point","coordinates":[12.387,56.832]}},{"type":"Feature","properties":{},"geometry":{"type":"Point","coordinates":[17.849,60.222]}},{"type":"Feature","properties":{},"geometry":{"type":"Point","coordinates":[19.605,58.516]}},{"type":"Feature","properties":{},"geometry":{"type":"Point","coordinates":[16.869,58.38]}},{"type":"Feature","properties":{},"geometry":{"type":"Point","coordinates":[14.465,56.84]}},{"type":"Feature","properties":{},"geometry":{"type":"Point","coordinates":[14.769,56.99]}},{"type":"Feature","properties":{},"geometry":{"type":"Point","coordinates":[12.323,57.331]}},{"type":"Feature","properties":{},"geometry":{"type":"Point","coordinates":[12.107,57.494]}},{"type":"Feature","properties":{},"geometry":{"type":"Point","coordinates":[12.795,55.755]}},{"type":"Feature","properties":{},"geometry":{"type":"Point","coordinates":[13.862,54.521]}},{"type":"Feature","properties":{},"geometry":{"type":"Point","coordinates":[17.124,60.248]}},{"type":"Feature","properties":{},"geometry":{"type":"Point","coordinates":[14.333,56.828]}},{"type":"Feature","properties":{},"geometry":{"type":"Point","coordinates":[16.74,58.83]}},{"type":"Feature","properties":{},"geometry":{"type":"Point","coordinates":[17.286,59.926]}},{"type":"Feature","properties":{},"geometry":{"type":"Point","coordinates":[13.079,54.555]}},{"type":"Feature","properties":{},"geometry":{"type":"Point","coordinates":[11.411,59.733]}},{"type":"Feature","properties":{},"geometry":{"type":"Point","coordinates":[13.921,56.837]}},{"type":"Feature","properties":{},"geometry":{"type":"Point","coordinates":[18.02,58.633]}},{"type":"Feature","properties":{},"geometry":{"type":"Point","coordinates":[13.39,54.517]}},{"type":"Feature","properties":{},"geometry":{"type":"Point","coordinates":[17.962,59.112]}},{"type":"Feature","properties":{},"geometry":{"type":"Point","coordinates":[11.225,55.99]}},{"type":"Feature","properties":{},"geometry":{"type":"Point","coordinates":[13.995,54.731]}},{"type":"Feature","properties":{},"geometry":{"type":"Point","coordinates":[15.039,55.583]}},{"type":"Feature","properties":{},"geometry":{"type":"Point","coordinates":[12.687,56.197]}},{"type":"Feature","properties":{},"geometry":{"type":"Point","coordinates":[18.814,60.609]}},{"type":"Feature","properties":{},"geometry":{"type":"Point","coordinates":[13.094,56.953]}},{"type":"Feature","properties":{},"geometry":{"type":"Point","coordinates":[11.73,56.353]}},{"type":"Feature","properties":{},"geometry":{"type":"Point","coordinates":[18.393,59.251]}},{"type":"Feature","properties":{},"geometry":{"type":"Point","coordinates":[17.393,58.766]}},{"type":"Feature","properties":{},"geometry":{"type":"Point","coordinates":[14.003,55.363]}},{"type":"Feature","properties":{},"geometry":{"type":"Point","coordinates":[18.071,59.826]}},{"type":"Feature","properties":{},"geometry":{"type":"Point","coordinates":[18.391,58.855]}},{"type":"Feature","properties":{},"geometry":{"type":"Point","coordinates":[13.793,56.463]}},{"type":"Feature","properties":{},"geometry":{"type":"Point","coordinates":[11.973,55.514]}},{"type":"Feature","properties":{},"geometry":{"type":"Point","coordinates":[12.169,57.944]}},{"type":"Feature","properties":{},"geometry":{"type":"Point","coordinates":[13.518,55.346]}},{"type":"Feature","properties":{},"geometry":{"type":"Point","coordinates":[11.531,59.198]}},{"type":"Feature","properties":{},"geometry":{"type":"Point","coordinates":[17.664,60.878]}},{"type":"Feature","properties":{},"geometry":{"type":"Point","coordinates":[18.384,58.527]}},{"type":"Feature","properties":{},"geometry":{"type":"Point","coordinates":[17.032,59.154]}},{"type":"Feature","properties":{},"geometry":{"type":"Point","coordinates":[14.149,56.83]}},{"type":"Feature","properties":{},"geometry":{"type":"Point","coordinates":[14.828,55.834]}},{"type":"Feature","properties":{},"geometry":{"type":"Point","coordinates":[19.467,58.308]}},{"type":"Feature","properties":{},"geometry":{"type":"Point","coordinates":[17.481,58.961]}},{"type":"Feature","properties":{},"geometry":{"type":"Point","coordinates":[15.225,56.303]}},{"type":"Feature","properties":{},"geometry":{"type":"Point","coordinates":[12.092,57.09]}},{"type":"Feature","properties":{},"geometry":{"type":"Point","coordinates":[13.252,54.942]}},{"type":"Feature","properties":{},"geometry":{"type":"Point","coordinates":[19.072,59.002]}},{"type":"Feature","properties":{},"geometry":{"type":"Point","coordinates":[15.19,55.49]}},{"type":"Feature","properties":{},"geometry":{"type":"Point","coordinates":[11.562,58.829]}},{"type":"Feature","properties":{},"geometry":{"type":"Point","coordinates":[12.54,55.018]}},{"type":"Feature","properties":{},"geometry":{"type":"Point","coordinates":[11.529,55.713]}},{"type":"Feature","properties":{},"geometry":{"type":"Point","coordinates":[18.136,59.244]}},{"type":"Feature","properties":{},"geometry":{"type":"Point","coordinates":[14.588,56.365]}},{"type":"Feature","properties":{},"geometry":{"type":"Point","coordinates":[13.19,55.382]}},{"type":"Feature","properties":{},"geometry":{"type":"Point","coordinates":[15.856,56.762]}},{"type":"Feature","properties":{},"geometry":{"type":"Point","coordinates":[17.465,59.163]}},{"type":"Feature","properties":{},"geometry":{"type":"Point","coordinates":[12.86,57.318]}},{"type":"Feature","properties":{},"geometry":{"type":"Point","coordinates":[11.499,55.395]}},{"type":"Feature","properties":{},"geometry":{"type":"Point","coordinates":[12.648,55.745]}},{"type":"Feature","properties":{},"geometry":{"type":"Point","coordinates":[18.666,59.238]}},{"type":"Feature","properties":{},"geometry":{"type":"Point","coordinates":[17.936,58.763]}},{"type":"Feature","properties":{},"geometry":{"type":"Point","coordinates":[12.017,55.014]}},{"type":"Feature","properties":{},"geometry":{"type":"Point","coordinates":[19.175,60.044]}},{"type":"Feature","properties":{},"geometry":{"type":"Point","coordinates":[14.79,55.452]}},{"type":"Feature","properties":{},"geometry":{"type":"Point","coordinates":[13.457,55.525]}},{"type":"Feature","properties":{},"geometry":{"type":"Point","coordinates":[13.192,54.95]}},{"type":"Feature","properties":{},"geometry":{"type":"Point","coordinates":[12.838,54.763]}},{"type":"Feature","properties":{},"geometry":{"type":"Point","coordinates":[14.285,56.52]}},{"type":"Feature","properties":{},"geometry":{"type":"Point","coordinates":[15.964,56.069]}},{"type":"Feature","properties":{},"geometry":{"type":"Point","coordinates":[17.672,58.057]}},{"type":"Feature","properties":{},"geometry":{"type":"Point","coordinates":[12.863,55.269]}},{"type":"Feature","properties":{},"geometry":{"type":"Point","coordinates":[18.057,59.02]}},{"type":"Feature","properties":{},"geometry":{"type":"Point","coordinates":[14.093,56.157]}},{"type":"Feature","properties":{},"geometry":{"type":"Point","coordinates":[15.429,56.237]}},{"type":"Feature","properties":{},"geometry":{"type":"Point","coordinates":[17.625,59.102]}},{"type":"Feature","properties":{},"geometry":{"type":"Point","coordinates":[17.914,59.753]}},{"type":"Feature","properties":{},"geometry":{"type":"Point","coordinates":[16.82,59.654]}},{"type":"Feature","properties":{},"geometry":{"type":"Point","coordinates":[12.951,54.036]}},{"type":"Feature","properties":{},"geometry":{"type":"Point","coordinates":[12.093,57.646]}},{"type":"Feature","properties":{},"geometry":{"type":"Point","coordinates":[12.099,56.611]}},{"type":"Feature","properties":{},"geometry":{"type":"Point","coordinates":[11.389,57.085]}},{"type":"Feature","properties":{},"geometry":{"type":"Point","coordinates":[17.995,58.89]}},{"type":"Feature","properties":{},"geometry":{"type":"Point","coordinates":[16.152,56.024]}},{"type":"Feature","properties":{},"geometry":{"type":"Point","coordinates":[18.251,59.256]}},{"type":"Feature","properties":{},"geometry":{"type":"Point","coordinates":[14.591,56.305]}},{"type":"Feature","properties":{},"geometry":{"type":"Point","coordinates":[17.772,60.112]}},{"type":"Feature","properties":{},"geometry":{"type":"Point","coordinates":[14.761,54.991]}},{"type":"Feature","properties":{},"geometry":{"type":"Point","coordinates":[11.742,56.686]}},{"type":"Feature","properties":{},"geometry":{"type":"Point","coordinates":[17.328,59.687]}},{"type":"Feature","properties":{},"geometry":{"type":"Point","coordinates":[17.947,59.624]}},{"type":"Feature","properties":{},"geometry":{"type":"Point","coordinates":[11.927,58.303]}},{"type":"Feature","properties":{},"geometry":{"type":"Point","coordinates":[12.272,58.477]}},{"type":"Feature","properties":{},"geometry":{"type":"Point","coordinates":[13.4,55.796]}},{"type":"Feature","properties":{},"geometry":{"type":"Point","coordinates":[14.188,57.558]}},{"type":"Feature","properties":{},"geometry":{"type":"Point","coordinates":[17.89,60.219]}},{"type":"Feature","properties":{},"geometry":{"type":"Point","coordinates":[11.705,59.061]}},{"type":"Feature","properties":{},"geometry":{"type":"Point","coordinates":[14.61,56.118]}},{"type":"Feature","properties":{},"geometry":{"type":"Point","coordinates":[15.61,55.601]}},{"type":"Feature","properties":{},"geometry":{"type":"Point","coordinates":[13.912,54.828]}},{"type":"Feature","properties":{},"geometry":{"type":"Point","coordinates":[14.108,55.808]}},{"type":"Feature","properties":{},"geometry":{"type":"Point","coordinates":[17.404,58.627]}},{"type":"Feature","properties":{},"geometry":{"type":"Point","coordinates":[15.634,55.767]}},{"type":"Feature","properties":{},"geometry":{"type":"Point","coordinates":[10.8,56.515]}},{"type":"Feature","properties":{},"geometry":{"type":"Point","coordinates":[13.843,54.575]}},{"type":"Feature","properties":{},"geometry":{"type":"Point","coordinates":[18.227,58.853]}},{"type":"Feature","properties":{},"geometry":{"type":"Point","coordinates":[12.219,57.128]}},{"type":"Feature","properties":{},"geometry":{"type":"Point","coordinates":[13.042,56.73]}},{"type":"Feature","properties":{},"geometry":{"type":"Point","coordinates":[13.038,57.14]}},{"type":"Feature","properties":{},"geometry":{"type":"Point","coordinates":[12.423,56.58]}},{"type":"Feature","properties":{},"geometry":{"type":"Point","coordinates":[12.761,58.974]}},{"type":"Feature","properties":{},"geometry":{"type":"Point","coordinates":[14.157,55.344]}},{"type":"Feature","properties":{},"geometry":{"type":"Point","coordinates":[18.821,58.358]}},{"type":"Feature","properties":{},"geometry":{"type":"Point","coordinates":[18.698,60.169]}},{"type":"Feature","properties":{},"geometry":{"type":"Point","coordinates":[14.185,55.966]}},{"type":"Feature","properties":{},"geometry":{"type":"Point","coordinates":[10.583,56.484]}},{"type":"Feature","properties":{},"geometry":{"type":"Point","coordinates":[17.768,59.3]}},{"type":"Feature","properties":{},"geometry":{"type":"Point","coordinates":[15.113,57.343]}},{"type":"Feature","properties":{},"geometry":{"type":"Point","coordinates":[15.633,57.279]}},{"type":"Feature","properties":{},"geometry":{"type":"Point","coordinates":[14.43,55.38]}},{"type":"Feature","properties":{},"geometry":{"type":"Point","coordinates":[15.966,56.247]}},{"type":"Feature","properties":{},"geometry":{"type":"Point","coordinates":[14.583,56.315]}},{"type":"Feature","properties":{},"geometry":{"type":"Point","coordinates":[18.991,59.154]}},{"type":"Feature","properties":{},"geometry":{"type":"Point","coordinates":[15.382,55.051]}},{"type":"Feature","properties":{},"geometry":{"type":"Point","coordinates":[18.112,57.738]}},{"type":"Feature","properties":{},"geometry":{"type":"Point","coordinates":[15.433,55.367]}},{"type":"Feature","properties":{},"geometry":{"type":"Point","coordinates":[11.094,57.124]}},{"type":"Feature","properties":{},"geometry":{"type":"Point","coordinates":[14.808,55.727]}},{"type":"Feature","properties":{},"geometry":{"type":"Point","coordinates":[13.724,56.817]}},{"type":"Feature","properties":{},"geometry":{"type":"Point","coordinates":[12.229,55.869]}},{"type":"Feature","properties":{},"geometry":{"type":"Point","coordinates":[12.426,58.124]}},{"type":"Feature","properties":{},"geometry":{"type":"Point","coordinates":[11.832,57.471]}},{"type":"Feature","properties":{},"geometry":{"type":"Point","coordinates":[16.515,59.203]}},{"type":"Feature","properties":{},"geometry":{"type":"Point","coordinates":[13.159,55.185]}},{"type":"Feature","properties":{},"geometry":{"type":"Point","coordinates":[13.073,55.928]}},{"type":"Feature","properties":{},"geometry":{"type":"Point","coordinates":[12.271,58.294]}},{"type":"Feature","properties":{},"geometry":{"type":"Point","coordinates":[14.7,55.556]}},{"type":"Feature","properties":{},"geometry":{"type":"Point","coordinates":[11.608,58.137]}},{"type":"Feature","properties":{},"geometry":{"type":"Point","coordinates":[12.201,56.982]}},{"type":"Feature","properties":{},"geometry":{"type":"Point","coordinates":[12.695,56.422]}},{"type":"Feature","properties":{},"geometry":{"type":"Point","coordinates":[13.244,55.949]}},{"type":"Feature","properties":{},"geometry":{"type":"Point","coordinates":[15.288,57.065]}},{"type":"Feature","properties":{},"geometry":{"type":"Point","coordinates":[11.569,57.228]}},{"type":"Feature","properties":{},"geometry":{"type":"Point","coordinates":[15.438,56.318]}},{"type":"Feature","properties":{},"geometry":{"type":"Point","coordinates":[18.764,57.972]}},{"type":"Feature","properties":{},"geometry":{"type":"Point","coordinates":[10.673,56.767]}},{"type":"Feature","properties":{},"geometry":{"type":"Point","coordinates":[13.045,54.34]}},{"type":"Feature","properties":{},"geometry":{"type":"Point","coordinates":[12.27,58.471]}},{"type":"Feature","properties":{},"geometry":{"type":"Point","coordinates":[15.983,56.37]}},{"type":"Feature","properties":{},"geometry":{"type":"Point","coordinates":[12.031,57.273]}},{"type":"Feature","properties":{},"geometry":{"type":"Point","coordinates":[14.883,54.962]}},{"type":"Feature","properties":{},"geometry":{"type":"Point","coordinates":[13.987,53.959]}},{"type":"Feature","properties":{},"geometry":{"type":"Point","coordinates":[14.851,56.943]}},{"type":"Feature","properties":{},"geometry":{"type":"Point","coordinates":[11.547,59.203]}},{"type":"Feature","properties":{},"geometry":{"type":"Point","coordinates":[18.15,58.75]}},{"type":"Feature","properties":{},"geometry":{"type":"Point","coordinates":[11.099,56.061]}},{"type":"Feature","properties":{},"geometry":{"type":"Point","coordinates":[12.27,54.346]}},{"type":"Feature","properties":{},"geometry":{"type":"Point","coordinates":[12.353,55.56]}},{"type":"Feature","properties":{},"geometry":{"type":"Point","coordinates":[13.409,56.509]}},{"type":"Feature","properties":{},"geometry":{"type":"Point","coordinates":[11.348,58.587]}},{"type":"Feature","properties":{},"geometry":{"type":"Point","coordinates":[19.118,59.46]}},{"type":"Feature","properties":{},"geometry":{"type":"Point","coordinates":[11.03,58.387]}},{"type":"Feature","properties":{},"geometry":{"type":"Point","coordinates":[16.937,59.571]}},{"type":"Feature","properties":{},"geometry":{"type":"Point","coordinates":[16.788,58.863]}},{"type":"Feature","properties":{},"geometry":{"type":"Point","coordinates":[12.672,55.892]}},{"type":"Feature","properties":{},"geometry":{"type":"Point","coordinates":[17.073,59.585]}},{"type":"Feature","properties":{},"geometry":{"type":"Point","coordinates":[17.798,59.356]}},{"type":"Feature","properties":{},"geometry":{"type":"Point","coordinates":[15.56,56.224]}},{"type":"Feature","properties":{},"geometry":{"type":"Point","coordinates":[11.114,56.36]}},{"type":"Feature","properties":{},"geometry":{"type":"Point","coordinates":[14.219,56.838]}},{"type":"Feature","properties":{},"geometry":{"type":"Point","coordinates":[17.206,60.154]}},{"type":"Feature","properties":{},"geometry":{"type":"Point","coordinates":[10.812,55.995]}},{"type":"Feature","properties":{},"geometry":{"type":"Point","coordinates":[11.913,56.014]}},{"type":"Feature","properties":{},"geometry":{"type":"Point","coordinates":[12.273,56.732]}},{"type":"Feature","properties":{},"geometry":{"type":"Point","coordinates":[12.667,58.585]}},{"type":"Feature","properties":{},"geometry":{"type":"Point","coordinates":[12.523,56.444]}},{"type":"Feature","properties":{},"geometry":{"type":"Point","coordinates":[12.415,54.618]}},{"type":"Feature","properties":{},"geometry":{"type":"Point","coordinates":[18.819,60.353]}},{"type":"Feature","properties":{},"geometry":{"type":"Point","coordinates":[14.152,54.625]}},{"type":"Feature","properties":{},"geometry":{"type":"Point","coordinates":[11.252,57.493]}},{"type":"Feature","properties":{},"geometry":{"type":"Point","coordinates":[14.11,56.897]}},{"type":"Feature","properties":{},"geometry":{"type":"Point","coordinates":[14.506,57.361]}},{"type":"Feature","properties":{},"geometry":{"type":"Point","coordinates":[11.905,55.457]}},{"type":"Feature","properties":{},"geometry":{"type":"Point","coordinates":[11.15,58.629]}},{"type":"Feature","properties":{},"geometry":{"type":"Point","coordinates":[17.696,59.166]}},{"type":"Feature","properties":{},"geometry":{"type":"Point","coordinates":[17.711,59.066]}},{"type":"Feature","properties":{},"geometry":{"type":"Point","coordinates":[12.658,54.498]}},{"type":"Feature","properties":{},"geometry":{"type":"Point","coordinates":[17.703,58.844]}},{"type":"Feature","properties":{},"geometry":{"type":"Point","coordinates":[14.936,55.858]}},{"type":"Feature","properties":{},"geometry":{"type":"Point","coordinates":[15.048,56.116]}},{"type":"Feature","properties":{},"geometry":{"type":"Point","coordinates":[11.663,57.76]}},{"type":"Feature","properties":{},"geometry":{"type":"Point","coordinates":[14.059,55.743]}},{"type":"Feature","properties":{},"geometry":{"type":"Point","coordinates":[12.484,55.807]}},{"type":"Feature","properties":{},"geometry":{"type":"Point","coordinates":[17.901,58.747]}},{"type":"Feature","properties":{},"geometry":{"type":"Point","coordinates":[17.92,60.795]}},{"type":"Feature","properties":{},"geometry":{"type":"Point","coordinates":[12.189,55.397]}},{"type":"Feature","properties":{},"geometry":{"type":"Point","coordinates":[18.454,58.915]}},{"type":"Feature","properties":{},"geometry":{"type":"Point","coordinates":[12.377,57.142]}},{"type":"Feature","properties":{},"geometry":{"type":"Point","coordinates":[14.292,55.826]}},{"type":"Feature","properties":{},"geometry":{"type":"Point","coordinates":[14.907,55.317]}},{"type":"Feature","properties":{},"geometry":{"type":"Point","coordinates":[13.476,55.962]}},{"type":"Feature","properties":{},"geometry":{"type":"Point","coordinates":[17.911,59.61]}},{"type":"Feature","properties":{},"geometry":{"type":"Point","coordinates":[11.385,55.472]}},{"type":"Feature","properties":{},"geometry":{"type":"Point","coordinates":[11.688,57.8]}},{"type":"Feature","properties":{},"geometry":{"type":"Point","coordinates":[16.796,55.644]}},{"type":"Feature","properties":{},"geometry":{"type":"Point","coordinates":[14.935,57.07]}},{"type":"Feature","properties":{},"geometry":{"type":"Point","coordinates":[17.775,59.772]}},{"type":"Feature","properties":{},"geometry":{"type":"Point","coordinates":[14.752,56.979]}},{"type":"Feature","properties":{},"geometry":{"type":"Point","coordinates":[15.362,56.25]}},{"type":"Feature","properties":{},"geometry":{"type":"Point","coordinates":[13.053,55.372]}},{"type":"Feature","properties":{},"geometry":{"type":"Point","coordinates":[12.064,56.864]}},{"type":"Feature","properties":{},"geometry":{"type":"Point","coordinates":[15.342,56.184]}},{"type":"Feature","properties":{},"geometry":{"type":"Point","coordinates":[13.857,56.127]}},{"type":"Feature","properties":{},"geometry":{"type":"Point","coordinates":[18.854,59.345]}},{"type":"Feature","properties":{},"geometry":{"type":"Point","coordinates":[10.584,57.775]}},{"type":"Feature","properties":{},"geometry":{"type":"Point","coordinates":[17.069,59.225]}},{"type":"Feature","properties":{},"geometry":{"type":"Point","coordinates":[13.467,54.96]}},{"type":"Feature","properties":{},"geometry":{"type":"Point","coordinates":[12.92,55.99]}},{"type":"Feature","properties":{},"geometry":{"type":"Point","coordinates":[12.014,57.99]}},{"type":"Feature","properties":{},"geometry":{"type":"Point","coordinates":[12.429,55.281]}},{"type":"Feature","properties":{},"geometry":{"type":"Point","coordinates":[12.061,56.162]}},{"type":"Feature","properties":{},"geometry":{"type":"Point","coordinates":[13.578,55.623]}},{"type":"Feature","properties":{},"geometry":{"type":"Point","coordinates":[11.424,58.622]}},{"type":"Feature","properties":{},"geometry":{"type":"Point","coordinates":[10.878,57.299]}},{"type":"Feature","properties":{},"geometry":{"type":"Point","coordinates":[18.545,58.563]}},{"type":"Feature","properties":{},"geometry":{"type":"Point","coordinates":[11.973,57.696]}},{"type":"Feature","properties":{},"geometry":{"type":"Point","coordinates":[12.506,56.093]}},{"type":"Feature","properties":{},"geometry":{"type":"Point","coordinates":[18.655,59.457]}},{"type":"Feature","properties":{},"geometry":{"type":"Point","coordinates":[14.722,56.122]}},{"type":"Feature","properties":{},"geometry":{"type":"Point","coordinates":[13.136,55.333]}},{"type":"Feature","properties":{},"geometry":{"type":"Point","coordinates":[17.763,59.264]}},{"type":"Feature","properties":{},"geometry":{"type":"Point","coordinates":[19.159,58.685]}},{"type":"Feature","properties":{},"geometry":{"type":"Point","coordinates":[14.368,56.623]}},{"type":"Feature","properties":{},"geometry":{"type":"Point","coordinates":[17.217,60.683]}},{"type":"Feature","properties":{},"geometry":{"type":"Point","coordinates":[13.609,54.305]}},{"type":"Feature","properties":{},"geometry":{"type":"Point","coordinates":[14.643,56.151]}},{"type":"Feature","properties":{},"geometry":{"type":"Point","coordinates":[15.892,56.646]}},{"type":"Feature","properties":{},"geometry":{"type":"Point","coordinates":[17.308,60.919]}},{"type":"Feature","properties":{},"geometry":{"type":"Point","coordinates":[11.616,57.105]}},{"type":"Feature","properties":{},"geometry":{"type":"Point","coordinates":[11.145,56.833]}},{"type":"Feature","properties":{},"geometry":{"type":"Point","coordinates":[17.112,58.176]}},{"type":"Feature","properties":{},"geometry":{"type":"Point","coordinates":[16.362,59.13]}},{"type":"Feature","properties":{},"geometry":{"type":"Point","coordinates":[14.431,56.215]}},{"type":"Feature","properties":{},"geometry":{"type":"Point","coordinates":[14.275,55.866]}},{"type":"Feature","properties":{},"geometry":{"type":"Point","coordinates":[11.748,56.884]}},{"type":"Feature","properties":{},"geometry":{"type":"Point","coordinates":[12.617,58.539]}},{"type":"Feature","properties":{},"geometry":{"type":"Point","coordinates":[17.143,60.55]}},{"type":"Feature","properties":{},"geometry":{"type":"Point","coordinates":[12.648,56.081]}},{"type":"Feature","properties":{},"geometry":{"type":"Point","coordinates":[18.427,59.33]}},{"type":"Feature","properties":{},"geometry":{"type":"Point","coordinates":[12.452,57.776]}},{"type":"Feature","properties":{},"geometry":{"type":"Point","coordinates":[13.084,57.868]}},{"type":"Feature","properties":{},"geometry":{"type":"Point","coordinates":[13.109,55.984]}},{"type":"Feature","properties":{},"geometry":{"type":"Point","coordinates":[11.34,58.042]}},{"type":"Feature","properties":{},"geometry":{"type":"Point","coordinates":[11.694,57.862]}},{"type":"Feature","properties":{},"geometry":{"type":"Point","coordinates":[17.125,59.188]}},{"type":"Feature","properties":{},"geometry":{"type":"Point","coordinates":[15.321,55.832]}},{"type":"Feature","properties":{},"geometry":{"type":"Point","coordinates":[15.979,56.682]}},{"type":"Feature","properties":{},"geometry":{"type":"Point","coordinates":[15.16,55.504]}},{"type":"Feature","properties":{},"geometry":{"type":"Point","coordinates":[12.438,58.449]}},{"type":"Feature","properties":{},"geometry":{"type":"Point","coordinates":[11.83,57.634]}},{"type":"Feature","properties":{},"geometry":{"type":"Point","coordinates":[13.606,54.574]}},{"type":"Feature","properties":{},"geometry":{"type":"Point","coordinates":[15.157,55.952]}},{"type":"Feature","properties":{},"geometry":{"type":"Point","coordinates":[14.976,56.416]}},{"type":"Feature","properties":{},"geometry":{"type":"Point","coordinates":[11.885,55.454]}},{"type":"Feature","properties":{},"geometry":{"type":"Point","coordinates":[19.125,60.311]}},{"type":"Feature","properties":{},"geometry":{"type":"Point","coordinates":[15.203,57.245]}},{"type":"Feature","properties":{},"geometry":{"type":"Point","coordinates":[17.898,58.138]}},{"type":"Feature","properties":{},"geometry":{"type":"Point","coordinates":[12.942,56.48]}},{"type":"Feature","properties":{},"geometry":{"type":"Point","coordinates":[11.269,58.291]}},{"type":"Feature","properties":{},"geometry":{"type":"Point","coordinates":[15.808,57.231]}},{"type":"Feature","properties":{},"geometry":{"type":"Point","coordinates":[13.249,59.077]}},{"type":"Feature","properties":{},"geometry":{"type":"Point","coordinates":[18.185,60.202]}},{"type":"Feature","properties":{},"geometry":{"type":"Point","coordinates":[12.469,58.119]}},{"type":"Feature","properties":{},"geometry":{"type":"Point","coordinates":[12.065,58.34]}},{"type":"Feature","properties":{},"geometry":{"type":"Point","coordinates":[14.579,55.913]}},{"type":"Feature","properties":{},"geometry":{"type":"Point","coordinates":[13.83,56.06]}},{"type":"Feature","properties":{},"geometry":{"type":"Point","coordinates":[18.373,59.162]}},{"type":"Feature","properties":{},"geometry":{"type":"Point","coordinates":[13.893,56.551]}},{"type":"Feature","properties":{},"geometry":{"type":"Point","coordinates":[15.181,56.45]}},{"type":"Feature","properties":{},"geometry":{"type":"Point","coordinates":[12.64,55.173]}},{"type":"Feature","properties":{},"geometry":{"type":"Point","coordinates":[19.111,59.986]}},{"type":"Feature","properties":{},"geometry":{"type":"Point","coordinates":[18.425,59.281]}},{"type":"Feature","properties":{},"geometry":{"type":"Point","coordinates":[11.526,58.713]}},{"type":"Feature","properties":{},"geometry":{"type":"Point","coordinates":[13.572,57.252]}},{"type":"Feature","properties":{},"geometry":{"type":"Point","coordinates":[11.796,56.618]}},{"type":"Feature","properties":{},"geometry":{"type":"Point","coordinates":[17.76,59.766]}},{"type":"Feature","properties":{},"geometry":{"type":"Point","coordinates":[18.696,58.867]}},{"type":"Feature","properties":{},"geometry":{"type":"Point","coordinates":[12.178,59.039]}},{"type":"Feature","properties":{},"geometry":{"type":"Point","coordinates":[11.851,54.235]}},{"type":"Feature","properties":{},"geometry":{"type":"Point","coordinates":[17.3,59.508]}},{"type":"Feature","properties":{},"geometry":{"type":"Point","coordinates":[14.396,55.407]}},{"type":"Feature","properties":{},"geometry":{"type":"Point","coordinates":[16.408,56.927]}},{"type":"Feature","properties":{},"geometry":{"type":"Point","coordinates":[14.509,55.749]}},{"type":"Feature","properties":{},"geometry":{"type":"Point","coordinates":[15.638,55.955]}},{"type":"Feature","properties":{},"geometry":{"type":"Point","coordinates":[12.178,55.067]}},{"type":"Feature","properties":{},"geometry":{"type":"Point","coordinates":[11.272,57.955]}},{"type":"Feature","properties":{},"geometry":{"type":"Point","coordinates":[10.968,58.541]}},{"type":"Feature","properties":{},"geometry":{"type":"Point","coordinates":[13.121,55.744]}},{"type":"Feature","properties":{},"geometry":{"type":"Point","coordinates":[10.712,57.657]}},{"type":"Feature","properties":{},"geometry":{"type":"Point","coordinates":[14.857,56.146]}},{"type":"Feature","properties":{},"geometry":{"type":"Point","coordinates":[11.025,57.736]}},{"type":"Feature","properties":{},"geometry":{"type":"Point","coordinates":[14.209,55.996]}},{"type":"Feature","properties":{},"geometry":{"type":"Point","coordinates":[14.173,55.528]}},{"type":"Feature","properties":{},"geometry":{"type":"Point","coordinates":[15.747,56.48]}},{"type":"Feature","properties":{},"geometry":{"type":"Point","coordinates":[18.149,58.91]}},{"type":"Feature","properties":{},"geometry":{"type":"Point","coordinates":[11.443,57.789]}},{"type":"Feature","properties":{},"geometry":{"type":"Point","coordinates":[15.668,55.397]}},{"type":"Feature","properties":{},"geometry":{"type":"Point","coordinates":[15.513,55.623]}},{"type":"Feature","properties":{},"geometry":{"type":"Point","coordinates":[13.326,54.408]}},{"type":"Feature","properties":{},"geometry":{"type":"Point","coordinates":[14.183,55.684]}},{"type":"Feature","properties":{},"geometry":{"type":"Point","coordinates":[18.573,59.071]}},{"type":"Feature","properties":{},"geometry":{"type":"Point","coordinates":[13.709,54.144]}},{"type":"Feature","properties":{},"geometry":{"type":"Point","coordinates":[18.162,59.228]}},{"type":"Feature","properties":{},"geometry":{"type":"Point","coordinates":[17.064,59.768]}},{"type":"Feature","properties":{},"geometry":{"type":"Point","coordinates":[15.746,57.149]}},{"type":"Feature","properties":{},"geometry":{"type":"Point","coordinates":[15.619,57.12]}},{"type":"Feature","properties":{},"geometry":{"type":"Point","coordinates":[13.056,56.544]}},{"type":"Feature","properties":{},"geometry":{"type":"Point","coordinates":[17.608,59.474]}},{"type":"Feature","properties":{},"geometry":{"type":"Point","coordinates":[11.336,57.283]}},{"type":"Feature","properties":{},"geometry":{"type":"Point","coordinates":[15.218,57.255]}},{"type":"Feature","properties":{},"geometry":{"type":"Point","coordinates":[11.785,57.191]}},{"type":"Feature","properties":{},"geometry":{"type":"Point","coordinates":[14.796,55.26]}},{"type":"Feature","properties":{},"geometry":{"type":"Point","coordinates":[17.436,59.822]}},{"type":"Feature","properties":{},"geometry":{"type":"Point","coordinates":[13.106,53.495]}},{"type":"Feature","properties":{},"geometry":{"type":"Point","coordinates":[18.2,60.761]}},{"type":"Feature","properties":{},"geometry":{"type":"Point","coordinates":[13.354,54.765]}},{"type":"Feature","properties":{},"geometry":{"type":"Point","coordinates":[14.493,55.605]}},{"type":"Feature","properties":{},"geometry":{"type":"Point","coordinates":[14.449,57.31]}},{"type":"Feature","properties":{},"geometry":{"type":"Point","coordinates":[17.634,60.786]}},{"type":"Feature","properties":{},"geometry":{"type":"Point","coordinates":[14.494,56.973]}},{"type":"Feature","properties":{},"geometry":{"type":"Point","coordinates":[12.759,55.952]}},{"type":"Feature","properties":{},"geometry":{"type":"Point","coordinates":[11.09,57.658]}},{"type":"Feature","properties":{},"geometry":{"type":"Point","coordinates":[13.455,55.152]}},{"type":"Feature","properties":{},"geometry":{"type":"Point","coordinates":[17.689,59.781]}},{"type":"Feature","properties":{},"geometry":{"type":"Point","coordinates":[12.385,58.742]}},{"type":"Feature","properties":{},"geometry":{"type":"Point","coordinates":[17.767,59.714]}},{"type":"Feature","properties":{},"geometry":{"type":"Point","coordinates":[18.327,59.098]}},{"type":"Feature","properties":{},"geometry":{"type":"Point","coordinates":[12.589,57.1]}},{"type":"Feature","properties":{},"geometry":{"type":"Point","coordinates":[18.481,58.426]}},{"type":"Feature","properties":{},"geometry":{"type":"Point","coordinates":[13.272,55.422]}},{"type":"Feature","properties":{},"geometry":{"type":"Point","coordinates":[12.623,56.253]}},{"type":"Feature","properties":{},"geometry":{"type":"Point","coordinates":[19.337,60.823]}},{"type":"Feature","properties":{},"geometry":{"type":"Point","coordinates":[18.121,58.808]}},{"type":"Feature","properties":{},"geometry":{"type":"Point","coordinates":[13.78,54.725]}},{"type":"Feature","properties":{},"geometry":{"type":"Point","coordinates":[18.418,58.965]}},{"type":"Feature","properties":{},"geometry":{"type":"Point","coordinates":[17.989,58.47]}},{"type":"Feature","properties":{},"geometry":{"type":"Point","coordinates":[12.951,55.603]}},{"type":"Feature","properties":{},"geometry":{"type":"Point","coordinates":[11.469,56.935]}},{"type":"Feature","properties":{},"geometry":{"type":"Point","coordinates":[12.989,57.512]}},{"type":"Feature","properties":{},"geometry":{"type":"Point","coordinates":[14.465,55.758]}},{"type":"Feature","properties":{},"geometry":{"type":"Point","coordinates":[18.313,59.54]}},{"type":"Feature","properties":{},"geometry":{"type":"Point","coordinates":[13.267,57.778]}},{"type":"Feature","properties":{},"geometry":{"type":"Point","coordinates":[15.547,56.69]}},{"type":"Feature","properties":{},"geometry":{"type":"Point","coordinates":[13.627,57.457]}},{"type":"Feature","properties":{},"geometry":{"type":"Point","coordinates":[14.703,55.432]}},{"type":"Feature","properties":{},"geometry":{"type":"Point","coordinates":[14.734,56.557]}},{"type":"Feature","properties":{},"geometry":{"type":"Point","coordinates":[13.639,56.802]}},{"type":"Feature","properties":{},"geometry":{"type":"Point","coordinates":[14.778,55.28]}},{"type":"Feature","properties":{},"geometry":{"type":"Point","coordinates":[11.319,56.952]}},{"type":"Feature","properties":{},"geometry":{"type":"Point","coordinates":[19.323,58.901]}},{"type":"Feature","properties":{},"geometry":{"type":"Point","coordinates":[14.86,56.36]}},{"type":"Feature","properties":{},"geometry":{"type":"Point","coordinates":[17.492,60.391]}},{"type":"Feature","properties":{},"geometry":{"type":"Point","coordinates":[11.667,56.124]}},{"type":"Feature","properties":{},"geometry":{"type":"Point","coordinates":[12.926,56.392]}},{"type":"Feature","properties":{},"geometry":{"type":"Point","coordinates":[17.068,59.253]}},{"type":"Feature","properties":{},"geometry":{"type":"Point","coordinates":[11.518,58.178]}},{"type":"Feature","properties":{},"geometry":{"type":"Point","coordinates":[12.964,56.323]}},{"type":"Feature","properties":{},"geometry":{"type":"Point","coordinates":[13.829,55.216]}},{"type":"Feature","properties":{},"geometry":{"type":"Point","coordinates":[12.186,58.589]}},{"type":"Feature","properties":{},"geometry":{"type":"Point","coordinates":[13.01,54.681]}},{"type":"Feature","properties":{},"geometry":{"type":"Point","coordinates":[14.151,54.386]}},{"type":"Feature","properties":{},"geometry":{"type":"Point","coordinates":[14.758,55.934]}},{"type":"Feature","properties":{},"geometry":{"type":"Point","coordinates":[16.146,55.239]}},{"type":"Feature","properties":{},"geometry":{"type":"Point","coordinates":[13.219,56.972]}},{"type":"Feature","properties":{},"geometry":{"type":"Point","coordinates":[13.854,55.725]}},{"type":"Feature","properties":{},"geometry":{"type":"Point","coordinates":[12.677,56.353]}},{"type":"Feature","properties":{},"geometry":{"type":"Point","coordinates":[18.132,58.514]}},{"type":"Feature","properties":{},"geometry":{"type":"Point","coordinates":[10.477,58.193]}},{"type":"Feature","properties":{},"geometry":{"type":"Point","coordinates":[11.018,57.683]}},{"type":"Feature","properties":{},"geometry":{"type":"Point","coordinates":[13.048,57.68]}},{"type":"Feature","properties":{},"geometry":{"type":"Point","coordinates":[14.224,54.994]}},{"type":"Feature","properties":{},"geometry":{"type":"Point","coordinates":[12.606,54.832]}},{"type":"Feature","properties":{},"geometry":{"type":"Point","coordinates":[18.52,59.157]}},{"type":"Feature","properties":{},"geometry":{"type":"Point","coordinates":[14.546,56.474]}},{"type":"Feature","properties":{},"geometry":{"type":"Point","coordinates":[15.809,57.274]}},{"type":"Feature","properties":{},"geometry":{"type":"Point","coordinates":[11.531,56.732]}},{"type":"Feature","properties":{},"geometry":{"type":"Point","coordinates":[18.266,58.785]}},{"type":"Feature","properties":{},"geometry":{"type":"Point","coordinates":[12.47,56.328]}},{"type":"Feature","properties":{},"geometry":{"type":"Point","coordinates":[12.577,56.54]}},{"type":"Feature","properties":{},"geometry":{"type":"Point","coordinates":[12.064,57.859]}},{"type":"Feature","properties":{},"geometry":{"type":"Point","coordinates":[13.973,57.164]}},{"type":"Feature","properties":{},"geometry":{"type":"Point","coordinates":[11.274,56.593]}},{"type":"Feature","properties":{},"geometry":{"type":"Point","coordinates":[13.363,56.723]}},{"type":"Feature","properties":{},"geometry":{"type":"Point","coordinates":[13.205,56.083]}},{"type":"Feature","properties":{},"geometry":{"type":"Point","coordinates":[13.399,55.324]}},{"type":"Feature","properties":{},"geometry":{"type":"Point","coordinates":[15.889,56.717]}},{"type":"Feature","properties":{},"geometry":{"type":"Point","coordinates":[18.603,59.81]}},{"type":"Feature","properties":{},"geometry":{"type":"Point","coordinates":[18.295,60.12]}},{"type":"Feature","properties":{},"geometry":{"type":"Point","coordinates":[19.432,59.291]}},{"type":"Feature","properties":{},"geometry":{"type":"Point","coordinates":[11.605,55.761]}},{"type":"Feature","properties":{},"geometry":{"type":"Point","coordinates":[12.12,54.279]}},{"type":"Feature","properties":{},"geometry":{"type":"Point","coordinates":[18.453,59.142]}},{"type":"Feature","properties":{},"geometry":{"type":"Point","coordinates":[17.386,60.216]}},{"type":"Feature","properties":{},"geometry":{"type":"Point","coordinates":[13.329,55.719]}},{"type":"Feature","properties":{},"geometry":{"type":"Point","coordinates":[13.815,55.408]}},{"type":"Feature","properties":{},"geometry":{"type":"Point","coordinates":[12.929,55.979]}},{"type":"Feature","properties":{},"geometry":{"type":"Point","coordinates":[15.455,56.227]}},{"type":"Feature","properties":{},"geometry":{"type":"Point","coordinates":[14.717,56.564]}},{"type":"Feature","properties":{},"geometry":{"type":"Point","coordinates":[18.098,59.966]}},{"type":"Feature","properties":{},"geometry":{"type":"Point","coordinates":[11.721,57.551]}},{"type":"Feature","properties":{},"geometry":{"type":"Point","coordinates":[18.498,60.39]}},{"type":"Feature","properties":{},"geometry":{"type":"Point","coordinates":[12.162,56.158]}},{"type":"Feature","properties":{},"geometry":{"type":"Point","coordinates":[13.463,55.949]}},{"type":"Feature","properties":{},"geometry":{"type":"Point","coordinates":[12.241,56.538]}},{"type":"Feature","properties":{},"geometry":{"type":"Point","coordinates":[12.9,55.919]}},{"type":"Feature","properties":{},"geometry":{"type":"Point","coordinates":[17.733,60.256]}},{"type":"Feature","properties":{},"geometry":{"type":"Point","coordinates":[13.707,54.366]}},{"type":"Feature","properties":{},"geometry":{"type":"Point","coordinates":[14.175,55.242]}},{"type":"Feature","properties":{},"geometry":{"type":"Point","coordinates":[15.374,56.202]}},{"type":"Feature","properties":{},"geometry":{"type":"Point","coordinates":[17.468,59.084]}},{"type":"Feature","properties":{},"geometry":{"type":"Point","coordinates":[18.072,58.438]}},{"type":"Feature","properties":{},"geometry":{"type":"Point","coordinates":[12.56,56.097]}},{"type":"Feature","properties":{},"geometry":{"type":"Point","coordinates":[12.091,57.938]}},{"type":"Feature","properties":{},"geometry":{"type":"Point","coordinates":[11.168,57.818]}},{"type":"Feature","properties":{},"geometry":{"type":"Point","coordinates":[17.469,59.297]}},{"type":"Feature","properties":{},"geometry":{"type":"Point","coordinates":[11.862,54.58]}},{"type":"Feature","properties":{},"geometry":{"type":"Point","coordinates":[19.565,58.679]}},{"type":"Feature","properties":{},"geometry":{"type":"Point","coordinates":[12.981,54.478]}},{"type":"Feature","properties":{},"geometry":{"type":"Point","coordinates":[19.032,59.078]}},{"type":"Feature","properties":{},"geometry":{"type":"Point","coordinates":[12.453,54.196]}},{"type":"Feature","properties":{},"geometry":{"type":"Point","coordinates":[12.884,55.185]}},{"type":"Feature","properties":{},"geometry":{"type":"Point","coordinates":[14.285,56.47]}},{"type":"Feature","properties":{},"geometry":{"type":"Point","coordinates":[15.085,56.48]}},{"type":"Feature","properties":{},"geometry":{"type":"Point","coordinates":[18.515,58.825]}},{"type":"Feature","properties":{},"geometry":{"type":"Point","coordinates":[15.131,56.921]}},{"type":"Feature","properties":{},"geometry":{"type":"Point","coordinates":[17.949,59.631]}},{"type":"Feature","properties":{},"geometry":{"type":"Point","coordinates":[18.522,59.568]}},{"type":"Feature","properties":{},"geometry":{"type":"Point","coordinates":[14.432,56.22]}},{"type":"Feature","properties":{},"geometry":{"type":"Point","coordinates":[18.142,59.161]}},{"type":"Feature","properties":{},"geometry":{"type":"Point","coordinates":[18.081,59.354]}},{"type":"Feature","properties":{},"geometry":{"type":"Point","coordinates":[19.013,58.298]}},{"type":"Feature","properties":{},"geometry":{"type":"Point","coordinates":[11.747,56.633]}},{"type":"Feature","properties":{},"geometry":{"type":"Point","coordinates":[16.732,58.511]}},{"type":"Feature","properties":{},"geometry":{"type":"Point","coordinates":[17.799,58.39]}},{"type":"Feature","properties":{},"geometry":{"type":"Point","coordinates":[12.175,57.976]}},{"type":"Feature","properties":{},"geometry":{"type":"Point","coordinates":[18.452,60.226]}},{"type":"Feature","properties":{},"geometry":{"type":"Point","coordinates":[11.95,57.122]}},{"type":"Feature","properties":{},"geometry":{"type":"Point","coordinates":[16.369,55.759]}},{"type":"Feature","properties":{},"geometry":{"type":"Point","coordinates":[15.073,57.133]}},{"type":"Feature","properties":{},"geometry":{"type":"Point","coordinates":[19.26,59.825]}},{"type":"Feature","properties":{},"geometry":{"type":"Point","coordinates":[18.21,60.076]}},{"type":"Feature","properties":{},"geometry":{"type":"Point","coordinates":[10.253,57.04]}},{"type":"Feature","properties":{},"geometry":{"type":"Point","coordinates":[16.319,56.242]}},{"type":"Feature","properties":{},"geometry":{"type":"Point","coordinates":[11.659,57.49]}},{"type":"Feature","properties":{},"geometry":{"type":"Point","coordinates":[13.319,56.655]}},{"type":"Feature","properties":{},"geometry":{"type":"Point","coordinates":[18.399,60.184]}},{"type":"Feature","properties":{},"geometry":{"type":"Point","coordinates":[12.106,57.631]}},{"type":"Feature","properties":{},"geometry":{"type":"Point","coordinates":[18.855,59.63]}},{"type":"Feature","properties":{},"geometry":{"type":"Point","coordinates":[13.462,56.629]}},{"type":"Feature","properties":{},"geometry":{"type":"Point","coordinates":[12.351,56.137]}},{"type":"Feature","properties":{},"geometry":{"type":"Point","coordinates":[20.118,60.028]}},{"type":"Feature","properties":{},"geometry":{"type":"Point","coordinates":[14.442,56.047]}},{"type":"Feature","properties":{},"geometry":{"type":"Point","coordinates":[13.432,56.224]}},{"type":"Feature","properties":{},"geometry":{"type":"Point","coordinates":[12.512,54.868]}},{"type":"Feature","properties":{},"geometry":{"type":"Point","coordinates":[15.336,56.197]}},{"type":"Feature","properties":{},"geometry":{"type":"Point","coordinates":[18.045,59.411]}},{"type":"Feature","properties":{},"geometry":{"type":"Point","coordinates":[12.393,58.343]}},{"type":"Feature","properties":{},"geometry":{"type":"Point","coordinates":[13.501,55.492]}},{"type":"Feature","properties":{},"geometry":{"type":"Point","coordinates":[12.256,57.341]}},{"type":"Feature","properties":{},"geometry":{"type":"Point","coordinates":[12.28,54.46]}},{"type":"Feature","properties":{},"geometry":{"type":"Point","coordinates":[15.533,55.474]}},{"type":"Feature","properties":{},"geometry":{"type":"Point","coordinates":[13.275,55.349]}},{"type":"Feature","properties":{},"geometry":{"type":"Point","coordinates":[14.568,56.618]}},{"type":"Feature","properties":{},"geometry":{"type":"Point","coordinates":[14.305,55.388]}},{"type":"Feature","properties":{},"geometry":{"type":"Point","coordinates":[14.729,56.818]}},{"type":"Feature","properties":{},"geometry":{"type":"Point","coordinates":[11.28,55.546]}},{"type":"Feature","properties":{},"geometry":{"type":"Point","coordinates":[13.103,55.588]}},{"type":"Feature","properties":{},"geometry":{"type":"Point","coordinates":[12.545,55.075]}},{"type":"Feature","properties":{},"geometry":{"type":"Point","coordinates":[17.853,58.761]}},{"type":"Feature","properties":{},"geometry":{"type":"Point","coordinates":[17.693,58.647]}},{"type":"Feature","properties":{},"geometry":{"type":"Point","coordinates":[12.034,59.459]}},{"type":"Feature","properties":{},"geometry":{"type":"Point","coordinates":[15.161,56.281]}},{"type":"Feature","properties":{},"geometry":{"type":"Point","coordinates":[17.581,58.706]}},{"type":"Feature","properties":{},"geometry":{"type":"Point","coordinates":[13.687,55.716]}},{"type":"Feature","properties":{},"geometry":{"type":"Point","coordinates":[11.18,57.98]}},{"type":"Feature","properties":{},"geometry":{"type":"Point","coordinates":[10.99,57.775]}},{"type":"Feature","properties":{},"geometry":{"type":"Point","coordinates":[14.473,55.686]}},{"type":"Feature","properties":{},"geometry":{"type":"Point","coordinates":[11.449,57.459]}},{"type":"Feature","properties":{},"geometry":{"type":"Point","coordinates":[17.739,58.703]}},{"type":"Feature","properties":{},"geometry":{"type":"Point","coordinates":[11.368,58.304]}},{"type":"Feature","properties":{},"geometry":{"type":"Point","coordinates":[13.836,55.212]}},{"type":"Feature","properties":{},"geometry":{"type":"Point","coordinates":[18.421,58.784]}},{"type":"Feature","properties":{},"geometry":{"type":"Point","coordinates":[12.494,58.655]}},{"type":"Feature","properties":{},"geometry":{"type":"Point","coordinates":[14.652,55.839]}},{"type":"Feature","properties":{},"geometry":{"type":"Point","coordinates":[15.901,56.928]}},{"type":"Feature","properties":{},"geometry":{"type":"Point","coordinates":[18.056,59.949]}},{"type":"Feature","properties":{},"geometry":{"type":"Point","coordinates":[13.487,57.385]}},{"type":"Feature","properties":{},"geometry":{"type":"Point","coordinates":[14.823,56.516]}},{"type":"Feature","properties":{},"geometry":{"type":"Point","coordinates":[18.149,59.375]}},{"type":"Feature","properties":{},"geometry":{"type":"Point","coordinates":[14.975,55.389]}},{"type":"Feature","properties":{},"geometry":{"type":"Point","coordinates":[12.159,57.577]}},{"type":"Feature","properties":{},"geometry":{"type":"Point","coordinates":[17.979,60.215]}},{"type":"Feature","properties":{},"geometry":{"type":"Point","coordinates":[15.939,55.667]}},{"type":"Feature","properties":{},"geometry":{"type":"Point","coordinates":[14.486,55.569]}},{"type":"Feature","properties":{},"geometry":{"type":"Point","coordinates":[14.673,55.828]}},{"type":"Feature","properties":{},"geometry":{"type":"Point","coordinates":[11.599,58.453]}},{"type":"Feature","properties":{},"geometry":{"type":"Point","coordinates":[12.626,56.017]}},{"type":"Feature","properties":{},"geometry":{"type":"Point","coordinates":[12.55,54.939]}},{"type":"Feature","properties":{},"geometry":{"type":"Point","coordinates":[15.406,55.804]}},{"type":"Feature","properties":{},"geometry":{"type":"Point","coordinates":[12.956,53.783]}},{"type":"Feature","properties":{},"geometry":{"type":"Point","coordinates":[17.626,59.532]}},{"type":"Feature","properties":{},"geometry":{"type":"Point","coordinates":[10.546,57.523]}},{"type":"Feature","properties":{},"geometry":{"type":"Point","coordinates":[17.728,59.988]}},{"type":"Feature","properties":{},"geometry":{"type":"Point","coordinates":[14.286,56.221]}},{"type":"Feature","properties":{},"geometry":{"type":"Point","coordinates":[11.999,58.726]}},{"type":"Feature","properties":{},"geometry":{"type":"Point","coordinates":[14.288,56.697]}},{"type":"Feature","properties":{},"geometry":{"type":"Point","coordinates":[18.73,59.377]}},{"type":"Feature","properties":{},"geometry":{"type":"Point","coordinates":[13.588,55.183]}},{"type":"Feature","properties":{},"geometry":{"type":"Point","coordinates":[13.612,56.158]}},{"type":"Feature","properties":{},"geometry":{"type":"Point","coordinates":[18.396,58.848]}},{"type":"Feature","properties":{},"geometry":{"type":"Point","coordinates":[12.826,56.764]}},{"type":"Feature","properties":{},"geometry":{"type":"Point","coordinates":[16.019,56.063]}},{"type":"Feature","properties":{},"geometry":{"type":"Point","coordinates":[11.5,57.961]}},{"type":"Feature","properties":{},"geometry":{"type":"Point","coordinates":[19.597,58.307]}},{"type":"Feature","properties":{},"geometry":{"type":"Point","coordinates":[13.367,55.397]}},{"type":"Feature","properties":{},"geometry":{"type":"Point","coordinates":[18.403,59.747]}},{"type":"Feature","properties":{},"geometry":{"type":"Point","coordinates":[12.14,58.713]}},{"type":"Feature","properties":{},"geometry":{"type":"Point","coordinates":[17.702,59.323]}},{"type":"Feature","properties":{},"geometry":{"type":"Point","coordinates":[12.926,58.898]}},{"type":"Feature","properties":{},"geometry":{"type":"Point","coordinates":[11.825,54.403]}},{"type":"Feature","properties":{},"geometry":{"type":"Point","coordinates":[18.121,59.384]}},{"type":"Feature","properties":{},"geometry":{"type":"Point","coordinates":[15.735,56.234]}},{"type":"Feature","properties":{},"geometry":{"type":"Point","coordinates":[19.173,57.729]}},{"type":"Feature","properties":{},"geometry":{"type":"Point","coordinates":[11.371,57.454]}},{"type":"Feature","properties":{},"geometry":{"type":"Point","coordinates":[15.177,55.7]}},{"type":"Feature","properties":{},"geometry":{"type":"Point","coordinates":[16.241,58.908]}},{"type":"Feature","properties":{},"geometry":{"type":"Point","coordinates":[12.444,58.566]}},{"type":"Feature","properties":{},"geometry":{"type":"Point","coordinates":[18.039,59.071]}},{"type":"Feature","properties":{},"geometry":{"type":"Point","coordinates":[12.355,55.526]}},{"type":"Feature","properties":{},"geometry":{"type":"Point","coordinates":[13.097,54.309]}},{"type":"Feature","properties":{},"geometry":{"type":"Point","coordinates":[11.631,55.013]}},{"type":"Feature","properties":{},"geometry":{"type":"Point","coordinates":[11.536,55.46]}},{"type":"Feature","properties":{},"geometry":{"type":"Point","coordinates":[16.864,59.245]}},{"type":"Feature","properties":{},"geometry":{"type":"Point","coordinates":[11.874,57.846]}},{"type":"Feature","properties":{},"geometry":{"type":"Point","coordinates":[13.026,54.273]}},{"type":"Feature","properties":{},"geometry":{"type":"Point","coordinates":[12.644,57.219]}},{"type":"Feature","properties":{},"geometry":{"type":"Point","coordinates":[14.352,55.503]}},{"type":"Feature","properties":{},"geometry":{"type":"Point","coordinates":[11.4,56.544]}},{"type":"Feature","properties":{},"geometry":{"type":"Point","coordinates":[13.068,55.62]}},{"type":"Feature","properties":{},"geometry":{"type":"Point","coordinates":[18.159,60.547]}},{"type":"Feature","properties":{},"geometry":{"type":"Point","coordinates":[11.068,57.311]}},{"type":"Feature","properties":{},"geometry":{"type":"Point","coordinates":[11.796,57.162]}},{"type":"Feature","properties":{},"geometry":{"type":"Point","coordinates":[17.082,59.175]}},{"type":"Feature","properties":{},"geometry":{"type":"Point","coordinates":[19.229,59.05]}},{"type":"Feature","properties":{},"geometry":{"type":"Point","coordinates":[13.767,55.39]}},{"type":"Feature","properties":{},"geometry":{"type":"Point","coordinates":[11.19,59.817]}},{"type":"Feature","properties":{},"geometry":{"type":"Point","coordinates":[12.047,55.688]}},{"type":"Feature","properties":{},"geometry":{"type":"Point","coordinates":[12.922,59.114]}},{"type":"Feature","properties":{},"geometry":{"type":"Point","coordinates":[12.368,55.51]}},{"type":"Feature","properties":{},"geometry":{"type":"Point","coordinates":[18.672,58.92]}},{"type":"Feature","properties":{},"geometry":{"type":"Point","coordinates":[14.207,56.516]}},{"type":"Feature","properties":{},"geometry":{"type":"Point","coordinates":[12.037,55.204]}},{"type":"Feature","properties":{},"geometry":{"type":"Point","coordinates":[17.112,57.922]}},{"type":"Feature","properties":{},"geometry":{"type":"Point","coordinates":[11.587,57.391]}},{"type":"Feature","properties":{},"geometry":{"type":"Point","coordinates":[18.792,59.307]}},{"type":"Feature","properties":{},"geometry":{"type":"Point","coordinates":[14.865,55.532]}},{"type":"Feature","properties":{},"geometry":{"type":"Point","coordinates":[16.544,58.678]}},{"type":"Feature","properties":{},"geometry":{"type":"Point","coordinates":[11,57.312]}},{"type":"Feature","properties":{},"geometry":{"type":"Point","coordinates":[10.834,57.435]}},{"type":"Feature","properties":{},"geometry":{"type":"Point","coordinates":[12.112,57.653]}},{"type":"Feature","properties":{},"geometry":{"type":"Point","coordinates":[13.292,56.054]}},{"type":"Feature","properties":{},"geometry":{"type":"Point","coordinates":[17.052,60.645]}},{"type":"Feature","properties":{},"geometry":{"type":"Point","coordinates":[11.703,56.861]}},{"type":"Feature","properties":{},"geometry":{"type":"Point","coordinates":[12.857,57.858]}},{"type":"Feature","properties":{},"geometry":{"type":"Point","coordinates":[11.843,56.035]}},{"type":"Feature","properties":{},"geometry":{"type":"Point","coordinates":[11.076,57.166]}},{"type":"Feature","properties":{},"geometry":{"type":"Point","coordinates":[14.983,55.324]}},{"type":"Feature","properties":{},"geometry":{"type":"Point","coordinates":[17.826,60.045]}},{"type":"Feature","properties":{},"geometry":{"type":"Point","coordinates":[12.187,54.517]}},{"type":"Feature","properties":{},"geometry":{"type":"Point","coordinates":[11.581,57.109]}},{"type":"Feature","properties":{},"geometry":{"type":"Point","coordinates":[17.107,60.381]}},{"type":"Feature","properties":{},"geometry":{"type":"Point","coordinates":[15.57,57.212]}},{"type":"Feature","properties":{},"geometry":{"type":"Point","coordinates":[11.699,57.863]}},{"type":"Feature","properties":{},"geometry":{"type":"Point","coordinates":[15.947,56.075]}},{"type":"Feature","properties":{},"geometry":{"type":"Point","coordinates":[12.106,57.804]}},{"type":"Feature","properties":{},"geometry":{"type":"Point","coordinates":[11.663,57.628]}},{"type":"Feature","properties":{},"geometry":{"type":"Point","coordinates":[12.422,59.139]}},{"type":"Feature","properties":{},"geometry":{"type":"Point","coordinates":[11.437,57.056]}},{"type":"Feature","properties":{},"geometry":{"type":"Point","coordinates":[17.556,58.948]}},{"type":"Feature","properties":{},"geometry":{"type":"Point","coordinates":[12.528,54.858]}},{"type":"Feature","properties":{},"geometry":{"type":"Point","coordinates":[18.415,59.127]}},{"type":"Feature","properties":{},"geometry":{"type":"Point","coordinates":[14.779,55.778]}},{"type":"Feature","properties":{},"geometry":{"type":"Point","coordinates":[12.224,57.707]}},{"type":"Feature","properties":{},"geometry":{"type":"Point","coordinates":[12.406,57.227]}},{"type":"Feature","properties":{},"geometry":{"type":"Point","coordinates":[12.373,56.304]}},{"type":"Feature","properties":{},"geometry":{"type":"Point","coordinates":[15.768,55.965]}},{"type":"Feature","properties":{},"geometry":{"type":"Point","coordinates":[12.888,56.85]}},{"type":"Feature","properties":{},"geometry":{"type":"Point","coordinates":[18.631,58.951]}},{"type":"Feature","properties":{},"geometry":{"type":"Point","coordinates":[19.721,58.816]}},{"type":"Feature","properties":{},"geometry":{"type":"Point","coordinates":[15.89,55.012]}},{"type":"Feature","properties":{},"geometry":{"type":"Point","coordinates":[13.875,55.632]}},{"type":"Feature","properties":{},"geometry":{"type":"Point","coordinates":[11.891,54.491]}},{"type":"Feature","properties":{},"geometry":{"type":"Point","coordinates":[15.345,57.648]}},{"type":"Feature","properties":{},"geometry":{"type":"Point","coordinates":[12.388,55.325]}},{"type":"Feature","properties":{},"geometry":{"type":"Point","coordinates":[14.039,56.192]}},{"type":"Feature","properties":{},"geometry":{"type":"Point","coordinates":[11.707,55.074]}},{"type":"Feature","properties":{},"geometry":{"type":"Point","coordinates":[18.255,59.243]}},{"type":"Feature","properties":{},"geometry":{"type":"Point","coordinates":[14.955,55.374]}},{"type":"Feature","properties":{},"geometry":{"type":"Point","coordinates":[14.711,55.493]}},{"type":"Feature","properties":{},"geometry":{"type":"Point","coordinates":[17.259,60.693]}},{"type":"Feature","properties":{},"geometry":{"type":"Point","coordinates":[12.326,55.266]}},{"type":"Feature","properties":{},"geometry":{"type":"Point","coordinates":[11.512,55.622]}},{"type":"Feature","properties":{},"geometry":{"type":"Point","coordinates":[19.225,60.049]}},{"type":"Feature","properties":{},"geometry":{"type":"Point","coordinates":[11.684,57.534]}},{"type":"Feature","properties":{},"geometry":{"type":"Point","coordinates":[14.878,56.997]}},{"type":"Feature","properties":{},"geometry":{"type":"Point","coordinates":[12.602,55.552]}},{"type":"Feature","properties":{},"geometry":{"type":"Point","coordinates":[12.43,56.129]}},{"type":"Feature","properties":{},"geometry":{"type":"Point","coordinates":[13.44,56.879]}},{"type":"Feature","properties":{},"geometry":{"type":"Point","coordinates":[14.016,56.64]}},{"type":"Feature","properties":{},"geometry":{"type":"Point","coordinates":[18.762,59.751]}},{"type":"Feature","properties":{},"geometry":{"type":"Point","coordinates":[15.515,55.767]}},{"type":"Feature","properties":{},"geometry":{"type":"Point","coordinates":[13.357,54.791]}},{"type":"Feature","properties":{},"geometry":{"type":"Point","coordinates":[15.485,55.943]}},{"type":"Feature","properties":{},"geometry":{"type":"Point","coordinates":[14.076,55.489]}},{"type":"Feature","properties":{},"geometry":{"type":"Point","coordinates":[15.485,56.086]}},{"type":"Feature","properties":{},"geometry":{"type":"Point","coordinates":[18.059,58.604]}},{"type":"Feature","properties":{},"geometry":{"type":"Point","coordinates":[11.794,58.27]}},{"type":"Feature","properties":{},"geometry":{"type":"Point","coordinates":[18.676,58.906]}},{"type":"Feature","properties":{},"geometry":{"type":"Point","coordinates":[12.482,57.513]}},{"type":"Feature","properties":{},"geometry":{"type":"Point","coordinates":[12.437,57.463]}},{"type":"Feature","properties":{},"geometry":{"type":"Point","coordinates":[12.605,56.395]}},{"type":"Feature","properties":{},"geometry":{"type":"Point","coordinates":[12.593,56.923]}},{"type":"Feature","properties":{},"geometry":{"type":"Point","coordinates":[12.369,56.898]}},{"type":"Feature","properties":{},"geometry":{"type":"Point","coordinates":[14.827,56.165]}},{"type":"Feature","properties":{},"geometry":{"type":"Point","coordinates":[17.692,59.69]}},{"type":"Feature","properties":{},"geometry":{"type":"Point","coordinates":[13.825,56.067]}},{"type":"Feature","properties":{},"geometry":{"type":"Point","coordinates":[13.202,55.249]}},{"type":"Feature","properties":{},"geometry":{"type":"Point","coordinates":[17.888,60.607]}},{"type":"Feature","properties":{},"geometry":{"type":"Point","coordinates":[16.008,56.584]}},{"type":"Feature","properties":{},"geometry":{"type":"Point","coordinates":[10.975,58.066]}},{"type":"Feature","properties":{},"geometry":{"type":"Point","coordinates":[13.093,57.885]}},{"type":"Feature","properties":{},"geometry":{"type":"Point","coordinates":[16.195,55.888]}},{"type":"Feature","properties":{},"geometry":{"type":"Point","coordinates":[12.245,57.578]}},{"type":"Feature","properties":{},"geometry":{"type":"Point","coordinates":[15.495,56.161]}},{"type":"Feature","properties":{},"geometry":{"type":"Point","coordinates":[12.579,56.086]}},{"type":"Feature","properties":{},"geometry":{"type":"Point","coordinates":[11.914,58.458]}},{"type":"Feature","properties":{},"geometry":{"type":"Point","coordinates":[12.101,57.431]}},{"type":"Feature","properties":{},"geometry":{"type":"Point","coordinates":[11.531,57.294]}},{"type":"Feature","properties":{},"geometry":{"type":"Point","coordinates":[11.796,57.531]}},{"type":"Feature","properties":{},"geometry":{"type":"Point","coordinates":[18.142,59.82]}},{"type":"Feature","properties":{},"geometry":{"type":"Point","coordinates":[18.068,60.431]}},{"type":"Feature","properties":{},"geometry":{"type":"Point","coordinates":[13.148,55.706]}},{"type":"Feature","properties":{},"geometry":{"type":"Point","coordinates":[17.732,60.475]}},{"type":"Feature","properties":{},"geometry":{"type":"Point","coordinates":[16.823,59.928]}},{"type":"Feature","properties":{},"geometry":{"type":"Point","coordinates":[19.205,59.581]}},{"type":"Feature","properties":{},"geometry":{"type":"Point","coordinates":[13.81,56.673]}},{"type":"Feature","properties":{},"geometry":{"type":"Point","coordinates":[11.751,58.026]}},{"type":"Feature","properties":{},"geometry":{"type":"Point","coordinates":[11.792,57.532]}},{"type":"Feature","properties":{},"geometry":{"type":"Point","coordinates":[15.245,55.735]}},{"type":"Feature","properties":{},"geometry":{"type":"Point","coordinates":[15.143,54.896]}},{"type":"Feature","properties":{},"geometry":{"type":"Point","coordinates":[13.98,55.013]}},{"type":"Feature","properties":{},"geometry":{"type":"Point","coordinates":[12.516,58.224]}},{"type":"Feature","properties":{},"geometry":{"type":"Point","coordinates":[15.881,56.46]}},{"type":"Feature","properties":{},"geometry":{"type":"Point","coordinates":[13.976,55.266]}},{"type":"Feature","properties":{},"geometry":{"type":"Point","coordinates":[18.569,58.066]}},{"type":"Feature","properties":{},"geometry":{"type":"Point","coordinates":[12.956,56.559]}},{"type":"Feature","properties":{},"geometry":{"type":"Point","coordinates":[11.5,57.224]}},{"type":"Feature","properties":{},"geometry":{"type":"Point","coordinates":[15.883,56.859]}},{"type":"Feature","properties":{},"geometry":{"type":"Point","coordinates":[15.025,56.721]}},{"type":"Feature","properties":{},"geometry":{"type":"Point","coordinates":[15.165,57.243]}},{"type":"Feature","properties":{},"geometry":{"type":"Point","coordinates":[18.26,58.613]}},{"type":"Feature","properties":{},"geometry":{"type":"Point","coordinates":[14.351,56.84]}},{"type":"Feature","properties":{},"geometry":{"type":"Point","coordinates":[12.954,56.142]}},{"type":"Feature","properties":{},"geometry":{"type":"Point","coordinates":[15.065,56.108]}},{"type":"Feature","properties":{},"geometry":{"type":"Point","coordinates":[11.311,55.814]}},{"type":"Feature","properties":{},"geometry":{"type":"Point","coordinates":[15.355,56.403]}},{"type":"Feature","properties":{},"geometry":{"type":"Point","coordinates":[17.194,60.005]}},{"type":"Feature","properties":{},"geometry":{"type":"Point","coordinates":[12.214,59.352]}},{"type":"Feature","properties":{},"geometry":{"type":"Point","coordinates":[12.104,54.025]}},{"type":"Feature","properties":{},"geometry":{"type":"Point","coordinates":[14.865,55.95]}},{"type":"Feature","properties":{},"geometry":{"type":"Point","coordinates":[11.216,57.902]}},{"type":"Feature","properties":{},"geometry":{"type":"Point","coordinates":[12.887,55.99]}},{"type":"Feature","properties":{},"geometry":{"type":"Point","coordinates":[17.261,58.635]}},{"type":"Feature","properties":{},"geometry":{"type":"Point","coordinates":[16.941,58.807]}},{"type":"Feature","properties":{},"geometry":{"type":"Point","coordinates":[18.929,58.957]}},{"type":"Feature","properties":{},"geometry":{"type":"Point","coordinates":[17.539,58.933]}},{"type":"Feature","properties":{},"geometry":{"type":"Point","coordinates":[12.381,57.188]}},{"type":"Feature","properties":{},"geometry":{"type":"Point","coordinates":[18.191,59.425]}},{"type":"Feature","properties":{},"geometry":{"type":"Point","coordinates":[11.887,57.029]}},{"type":"Feature","properties":{},"geometry":{"type":"Point","coordinates":[17.16,55.488]}},{"type":"Feature","properties":{},"geometry":{"type":"Point","coordinates":[10.755,57.296]}},{"type":"Feature","properties":{},"geometry":{"type":"Point","coordinates":[14.213,55.741]}},{"type":"Feature","properties":{},"geometry":{"type":"Point","coordinates":[13.346,57.788]}},{"type":"Feature","properties":{},"geometry":{"type":"Point","coordinates":[12.701,57.541]}},{"type":"Feature","properties":{},"geometry":{"type":"Point","coordinates":[13.928,56.328]}},{"type":"Feature","properties":{},"geometry":{"type":"Point","coordinates":[11.798,56.302]}},{"type":"Feature","properties":{},"geometry":{"type":"Point","coordinates":[15.029,55.005]}},{"type":"Feature","properties":{},"geometry":{"type":"Point","coordinates":[12.832,57.012]}},{"type":"Feature","properties":{},"geometry":{"type":"Point","coordinates":[11.959,57.209]}},{"type":"Feature","properties":{},"geometry":{"type":"Point","coordinates":[12.96,57.968]}},{"type":"Feature","properties":{},"geometry":{"type":"Point","coordinates":[15.721,56.489]}},{"type":"Feature","properties":{},"geometry":{"type":"Point","coordinates":[17.999,59.127]}},{"type":"Feature","properties":{},"geometry":{"type":"Point","coordinates":[12.671,58.241]}},{"type":"Feature","properties":{},"geometry":{"type":"Point","coordinates":[13.35,54.834]}},{"type":"Feature","properties":{},"geometry":{"type":"Point","coordinates":[15.396,56.105]}},{"type":"Feature","properties":{},"geometry":{"type":"Point","coordinates":[18.94,59.66]}},{"type":"Feature","properties":{},"geometry":{"type":"Point","coordinates":[14.643,55.925]}},{"type":"Feature","properties":{},"geometry":{"type":"Point","coordinates":[13.592,55.424]}},{"type":"Feature","properties":{},"geometry":{"type":"Point","coordinates":[15.228,57.11]}},{"type":"Feature","properties":{},"geometry":{"type":"Point","coordinates":[12.405,55.867]}},{"type":"Feature","properties":{},"geometry":{"type":"Point","coordinates":[18.668,59.029]}},{"type":"Feature","properties":{},"geometry":{"type":"Point","coordinates":[10.605,57.371]}},{"type":"Feature","properties":{},"geometry":{"type":"Point","coordinates":[15.669,56.736]}},{"type":"Feature","properties":{},"geometry":{"type":"Point","coordinates":[14.805,55.244]}},{"type":"Feature","properties":{},"geometry":{"type":"Point","coordinates":[13.571,55.029]}},{"type":"Feature","properties":{},"geometry":{"type":"Point","coordinates":[18.486,59.071]}},{"type":"Feature","properties":{},"geometry":{"type":"Point","coordinates":[11.99,58.24]}},{"type":"Feature","properties":{},"geometry":{"type":"Point","coordinates":[15.529,55.635]}},{"type":"Feature","properties":{},"geometry":{"type":"Point","coordinates":[17.032,60.527]}},{"type":"Feature","properties":{},"geometry":{"type":"Point","coordinates":[14.41,54.143]}},{"type":"Feature","properties":{},"geometry":{"type":"Point","coordinates":[17.707,60.423]}},{"type":"Feature","properties":{},"geometry":{"type":"Point","coordinates":[17.78,58.852]}},{"type":"Feature","properties":{},"geometry":{"type":"Point","coordinates":[13.151,55.349]}},{"type":"Feature","properties":{},"geometry":{"type":"Point","coordinates":[12.346,56.73]}},{"type":"Feature","properties":{},"geometry":{"type":"Point","coordinates":[11.919,58.303]}},{"type":"Feature","properties":{},"geometry":{"type":"Point","coordinates":[15.001,56.221]}},{"type":"Feature","properties":{},"geometry":{"type":"Point","coordinates":[15.028,56.852]}},{"type":"Feature","properties":{},"geometry":{"type":"Point","coordinates":[15.646,55.64]}},{"type":"Feature","properties":{},"geometry":{"type":"Point","coordinates":[15.83,55.219]}},{"type":"Feature","properties":{},"geometry":{"type":"Point","coordinates":[13.941,56.85]}},{"type":"Feature","properties":{},"geometry":{"type":"Point","coordinates":[18.109,59.684]}},{"type":"Feature","properties":{},"geometry":{"type":"Point","coordinates":[15.348,55.662]}},{"type":"Feature","properties":{},"geometry":{"type":"Point","coordinates":[12.884,53.637]}},{"type":"Feature","properties":{},"geometry":{"type":"Point","coordinates":[10.965,57.882]}},{"type":"Feature","properties":{},"geometry":{"type":"Point","coordinates":[15.662,54.946]}},{"type":"Feature","properties":{},"geometry":{"type":"Point","coordinates":[14.716,55.905]}},{"type":"Feature","properties":{},"geometry":{"type":"Point","coordinates":[16.691,59.316]}},{"type":"Feature","properties":{},"geometry":{"type":"Point","coordinates":[12.805,55.014]}},{"type":"Feature","properties":{},"geometry":{"type":"Point","coordinates":[18.158,59.924]}},{"type":"Feature","properties":{},"geometry":{"type":"Point","coordinates":[12.71,56.143]}},{"type":"Feature","properties":{},"geometry":{"type":"Point","coordinates":[13.688,55.59]}},{"type":"Feature","properties":{},"geometry":{"type":"Point","coordinates":[18.417,59.903]}},{"type":"Feature","properties":{},"geometry":{"type":"Point","coordinates":[12.992,56.489]}},{"type":"Feature","properties":{},"geometry":{"type":"Point","coordinates":[15.35,55.493]}},{"type":"Feature","properties":{},"geometry":{"type":"Point","coordinates":[11.451,56.854]}},{"type":"Feature","properties":{},"geometry":{"type":"Point","coordinates":[18.394,59.202]}},{"type":"Feature","properties":{},"geometry":{"type":"Point","coordinates":[12.767,56.887]}},{"type":"Feature","properties":{},"geometry":{"type":"Point","coordinates":[13.431,55.715]}},{"type":"Feature","properties":{},"geometry":{"type":"Point","coordinates":[11.91,56.631]}},{"type":"Feature","properties":{},"geometry":{"type":"Point","coordinates":[18.849,57.649]}},{"type":"Feature","properties":{},"geometry":{"type":"Point","coordinates":[11.507,58.931]}},{"type":"Feature","properties":{},"geometry":{"type":"Point","coordinates":[12.817,54.741]}},{"type":"Feature","properties":{},"geometry":{"type":"Point","coordinates":[15.123,54.797]}},{"type":"Feature","properties":{},"geometry":{"type":"Point","coordinates":[11.347,58.509]}},{"type":"Feature","properties":{},"geometry":{"type":"Point","coordinates":[14.75,56.732]}},{"type":"Feature","properties":{},"geometry":{"type":"Point","coordinates":[10.529,57.366]}},{"type":"Feature","properties":{},"geometry":{"type":"Point","coordinates":[18.157,58.642]}},{"type":"Feature","properties":{},"geometry":{"type":"Point","coordinates":[13.746,55.704]}},{"type":"Feature","properties":{},"geometry":{"type":"Point","coordinates":[13.062,58.251]}},{"type":"Feature","properties":{},"geometry":{"type":"Point","coordinates":[11.389,56.602]}},{"type":"Feature","properties":{},"geometry":{"type":"Point","coordinates":[11.743,57.154]}},{"type":"Feature","properties":{},"geometry":{"type":"Point","coordinates":[17.167,58.066]}},{"type":"Feature","properties":{},"geometry":{"type":"Point","coordinates":[12.997,58.833]}},{"type":"Feature","properties":{},"geometry":{"type":"Point","coordinates":[18.082,59.962]}},{"type":"Feature","properties":{},"geometry":{"type":"Point","coordinates":[12.641,56.718]}},{"type":"Feature","properties":{},"geometry":{"type":"Point","coordinates":[16.793,58.76]}},{"type":"Feature","properties":{},"geometry":{"type":"Point","coordinates":[14.407,55.89]}},{"type":"Feature","properties":{},"geometry":{"type":"Point","coordinates":[12.953,57.256]}},{"type":"Feature","properties":{},"geometry":{"type":"Point","coordinates":[19.098,57.743]}},{"type":"Feature","properties":{},"geometry":{"type":"Point","coordinates":[12.449,57.139]}},{"type":"Feature","properties":{},"geometry":{"type":"Point","coordinates":[14.908,57.379]}},{"type":"Feature","properties":{},"geometry":{"type":"Point","coordinates":[16.806,59.803]}},{"type":"Feature","properties":{},"geometry":{"type":"Point","coordinates":[11.775,55.798]}},{"type":"Feature","properties":{},"geometry":{"type":"Point","coordinates":[18.348,60.057]}},{"type":"Feature","properties":{},"geometry":{"type":"Point","coordinates":[13.532,56.08]}},{"type":"Feature","properties":{},"geometry":{"type":"Point","coordinates":[12.927,56.817]}},{"type":"Feature","properties":{},"geometry":{"type":"Point","coordinates":[14.49,55.586]}},{"type":"Feature","properties":{},"geometry":{"type":"Point","coordinates":[14.878,55.443]}},{"type":"Feature","properties":{},"geometry":{"type":"Point","coordinates":[16.707,59.026]}},{"type":"Feature","properties":{},"geometry":{"type":"Point","coordinates":[14.373,56.417]}},{"type":"Feature","properties":{},"geometry":{"type":"Point","coordinates":[18.343,59.565]}},{"type":"Feature","properties":{},"geometry":{"type":"Point","coordinates":[14.554,56.232]}},{"type":"Feature","properties":{},"geometry":{"type":"Point","coordinates":[15.336,56.827]}},{"type":"Feature","properties":{},"geometry":{"type":"Point","coordinates":[12.088,54.899]}},{"type":"Feature","properties":{},"geometry":{"type":"Point","coordinates":[15.054,56.698]}},{"type":"Feature","properties":{},"geometry":{"type":"Point","coordinates":[13.436,57.215]}},{"type":"Feature","properties":{},"geometry":{"type":"Point","coordinates":[18.138,60.224]}},{"type":"Feature","properties":{},"geometry":{"type":"Point","coordinates":[12.635,55.497]}},{"type":"Feature","properties":{},"geometry":{"type":"Point","coordinates":[14.324,56.154]}},{"type":"Feature","properties":{},"geometry":{"type":"Point","coordinates":[12.117,57.276]}},{"type":"Feature","properties":{},"geometry":{"type":"Point","coordinates":[12.613,55.797]}},{"type":"Feature","properties":{},"geometry":{"type":"Point","coordinates":[15.559,55.85]}},{"type":"Feature","properties":{},"geometry":{"type":"Point","coordinates":[15.054,55.667]}},{"type":"Feature","properties":{},"geometry":{"type":"Point","coordinates":[12.025,57.251]}},{"type":"Feature","properties":{},"geometry":{"type":"Point","coordinates":[19.367,59.712]}},{"type":"Feature","properties":{},"geometry":{"type":"Point","coordinates":[14.506,55.982]}},{"type":"Feature","properties":{},"geometry":{"type":"Point","coordinates":[13.349,55.008]}},{"type":"Feature","properties":{},"geometry":{"type":"Point","coordinates":[12.687,55.334]}},{"type":"Feature","properties":{},"geometry":{"type":"Point","coordinates":[12.618,55.34]}},{"type":"Feature","properties":{},"geometry":{"type":"Point","coordinates":[20.057,58.826]}},{"type":"Feature","properties":{},"geometry":{"type":"Point","coordinates":[15.186,55.469]}},{"type":"Feature","properties":{},"geometry":{"type":"Point","coordinates":[12.542,58.978]}},{"type":"Feature","properties":{},"geometry":{"type":"Point","coordinates":[18.409,58.92]}},{"type":"Feature","properties":{},"geometry":{"type":"Point","coordinates":[14.717,56.303]}},{"type":"Feature","properties":{},"geometry":{"type":"Point","coordinates":[15.666,55.712]}},{"type":"Feature","properties":{},"geometry":{"type":"Point","coordinates":[15.832,56.753]}},{"type":"Feature","properties":{},"geometry":{"type":"Point","coordinates":[11.145,57.821]}},{"type":"Feature","properties":{},"geometry":{"type":"Point","coordinates":[14.637,55.925]}},{"type":"Feature","properties":{},"geometry":{"type":"Point","coordinates":[12.59,56.261]}},{"type":"Feature","properties":{},"geometry":{"type":"Point","coordinates":[19.056,59.244]}},{"type":"Feature","properties":{},"geometry":{"type":"Point","coordinates":[14.444,55.88]}},{"type":"Feature","properties":{},"geometry":{"type":"Point","coordinates":[17.763,59.104]}},{"type":"Feature","properties":{},"geometry":{"type":"Point","coordinates":[12.441,57.419]}},{"type":"Feature","properties":{},"geometry":{"type":"Point","coordinates":[10.826,56.797]}},{"type":"Feature","properties":{},"geometry":{"type":"Point","coordinates":[13.629,54.946]}},{"type":"Feature","properties":{},"geometry":{"type":"Point","coordinates":[15.675,55.637]}},{"type":"Feature","properties":{},"geometry":{"type":"Point","coordinates":[15.817,56.913]}},{"type":"Feature","properties":{},"geometry":{"type":"Point","coordinates":[18.361,60.133]}},{"type":"Feature","properties":{},"geometry":{"type":"Point","coordinates":[13.076,55.315]}},{"type":"Feature","properties":{},"geometry":{"type":"Point","coordinates":[11.254,57.78]}},{"type":"Feature","properties":{},"geometry":{"type":"Point","coordinates":[13.551,55.965]}},{"type":"Feature","properties":{},"geometry":{"type":"Point","coordinates":[15.499,55.623]}},{"type":"Feature","properties":{},"geometry":{"type":"Point","coordinates":[13.003,56.621]}},{"type":"Feature","properties":{},"geometry":{"type":"Point","coordinates":[11.638,55.153]}},{"type":"Feature","properties":{},"geometry":{"type":"Point","coordinates":[18.424,59.117]}},{"type":"Feature","properties":{},"geometry":{"type":"Point","coordinates":[10.682,58.22]}},{"type":"Feature","properties":{},"geometry":{"type":"Point","coordinates":[13.24,57.231]}},{"type":"Feature","properties":{},"geometry":{"type":"Point","coordinates":[17.902,58.431]}},{"type":"Feature","properties":{},"geometry":{"type":"Point","coordinates":[11.369,58.419]}},{"type":"Feature","properties":{},"geometry":{"type":"Point","coordinates":[13.751,55.463]}},{"type":"Feature","properties":{},"geometry":{"type":"Point","coordinates":[12.927,54.796]}},{"type":"Feature","properties":{},"geometry":{"type":"Point","coordinates":[12.485,55.303]}},{"type":"Feature","properties":{},"geometry":{"type":"Point","coordinates":[15.174,56.297]}},{"type":"Feature","properties":{},"geometry":{"type":"Point","coordinates":[11.656,56.387]}},{"type":"Feature","properties":{},"geometry":{"type":"Point","coordinates":[17.887,59.214]}},{"type":"Feature","properties":{},"geometry":{"type":"Point","coordinates":[12.484,54.722]}},{"type":"Feature","properties":{},"geometry":{"type":"Point","coordinates":[12.721,56.036]}},{"type":"Feature","properties":{},"geometry":{"type":"Point","coordinates":[14.774,57.217]}},{"type":"Feature","properties":{},"geometry":{"type":"Point","coordinates":[19.031,58.984]}},{"type":"Feature","properties":{},"geometry":{"type":"Point","coordinates":[11.542,58.586]}},{"type":"Feature","properties":{},"geometry":{"type":"Point","coordinates":[14.605,57.053]}},{"type":"Feature","properties":{},"geometry":{"type":"Point","coordinates":[12.763,57.347]}},{"type":"Feature","properties":{},"geometry":{"type":"Point","coordinates":[18.675,58.798]}},{"type":"Feature","properties":{},"geometry":{"type":"Point","coordinates":[15.45,57.137]}},{"type":"Feature","properties":{},"geometry":{"type":"Point","coordinates":[11.736,57.469]}},{"type":"Feature","properties":{},"geometry":{"type":"Point","coordinates":[11.404,57.807]}},{"type":"Feature","properties":{},"geometry":{"type":"Point","coordinates":[17.296,59.235]}},{"type":"Feature","properties":{},"geometry":{"type":"Point","coordinates":[13.525,57.811]}},{"type":"Feature","properties":{},"geometry":{"type":"Point","coordinates":[12.519,55.109]}},{"type":"Feature","properties":{},"geometry":{"type":"Point","coordinates":[12.589,58.072]}},{"type":"Feature","properties":{},"geometry":{"type":"Point","coordinates":[16.252,55.767]}},{"type":"Feature","properties":{},"geometry":{"type":"Point","coordinates":[15.253,56.578]}},{"type":"Feature","properties":{},"geometry":{"type":"Point","coordinates":[16.845,59.133]}},{"type":"Feature","properties":{},"geometry":{"type":"Point","coordinates":[18.42,58.337]}},{"type":"Feature","properties":{},"geometry":{"type":"Point","coordinates":[16.02,57.161]}},{"type":"Feature","properties":{},"geometry":{"type":"Point","coordinates":[12.429,55.379]}},{"type":"Feature","properties":{},"geometry":{"type":"Point","coordinates":[12.266,57.829]}},{"type":"Feature","properties":{},"geometry":{"type":"Point","coordinates":[13.464,56.762]}},{"type":"Feature","properties":{},"geometry":{"type":"Point","coordinates":[11.103,56.508]}},{"type":"Feature","properties":{},"geometry":{"type":"Point","coordinates":[13.463,56.659]}},{"type":"Feature","properties":{},"geometry":{"type":"Point","coordinates":[12.278,57.985]}},{"type":"Feature","properties":{},"geometry":{"type":"Point","coordinates":[11.528,55.373]}},{"type":"Feature","properties":{},"geometry":{"type":"Point","coordinates":[16.118,55.269]}},{"type":"Feature","properties":{},"geometry":{"type":"Point","coordinates":[17.682,58.545]}},{"type":"Feature","properties":{},"geometry":{"type":"Point","coordinates":[13.913,55.019]}},{"type":"Feature","properties":{},"geometry":{"type":"Point","coordinates":[17.906,60.095]}},{"type":"Feature","properties":{},"geometry":{"type":"Point","coordinates":[13.345,56.532]}},{"type":"Feature","properties":{},"geometry":{"type":"Point","coordinates":[18.685,58.823]}},{"type":"Feature","properties":{},"geometry":{"type":"Point","coordinates":[18.481,61.272]}},{"type":"Feature","properties":{},"geometry":{"type":"Point","coordinates":[14.268,55.795]}},{"type":"Feature","properties":{},"geometry":{"type":"Point","coordinates":[17.865,60.161]}},{"type":"Feature","properties":{},"geometry":{"type":"Point","coordinates":[12.887,56.503]}},{"type":"Feature","properties":{},"geometry":{"type":"Point","coordinates":[18.793,58.544]}},{"type":"Feature","properties":{},"geometry":{"type":"Point","coordinates":[14.868,55.605]}},{"type":"Feature","properties":{},"geometry":{"type":"Point","coordinates":[13.123,55.885]}},{"type":"Feature","properties":{},"geometry":{"type":"Point","coordinates":[13.291,55.115]}},{"type":"Feature","properties":{},"geometry":{"type":"Point","coordinates":[17.596,59.108]}},{"type":"Feature","properties":{},"geometry":{"type":"Point","coordinates":[11.672,56.455]}},{"type":"Feature","properties":{},"geometry":{"type":"Point","coordinates":[15.392,55.379]}},{"type":"Feature","properties":{},"geometry":{"type":"Point","coordinates":[12.822,54.961]}},{"type":"Feature","properties":{},"geometry":{"type":"Point","coordinates":[13.778,55.238]}},{"type":"Feature","properties":{},"geometry":{"type":"Point","coordinates":[11.648,57.054]}},{"type":"Feature","properties":{},"geometry":{"type":"Point","coordinates":[18.178,58.901]}},{"type":"Feature","properties":{},"geometry":{"type":"Point","coordinates":[12.73,56.579]}},{"type":"Feature","properties":{},"geometry":{"type":"Point","coordinates":[11.461,58.575]}},{"type":"Feature","properties":{},"geometry":{"type":"Point","coordinates":[18.193,60.449]}},{"type":"Feature","properties":{},"geometry":{"type":"Point","coordinates":[14.991,55.338]}},{"type":"Feature","properties":{},"geometry":{"type":"Point","coordinates":[13.482,54.984]}},{"type":"Feature","properties":{},"geometry":{"type":"Point","coordinates":[12.034,57.651]}},{"type":"Feature","properties":{},"geometry":{"type":"Point","coordinates":[12.784,55.967]}},{"type":"Feature","properties":{},"geometry":{"type":"Point","coordinates":[15.029,56.468]}},{"type":"Feature","properties":{},"geometry":{"type":"Point","coordinates":[13.35,57.602]}},{"type":"Feature","properties":{},"geometry":{"type":"Point","coordinates":[11.911,55.522]}},{"type":"Feature","properties":{},"geometry":{"type":"Point","coordinates":[11.359,56.935]}},{"type":"Feature","properties":{},"geometry":{"type":"Point","coordinates":[17.9,60.293]}},{"type":"Feature","properties":{},"geometry":{"type":"Point","coordinates":[13.292,58.546]}},{"type":"Feature","properties":{},"geometry":{"type":"Point","coordinates":[17.376,60.023]}},{"type":"Feature","properties":{},"geometry":{"type":"Point","coordinates":[12.607,56.008]}},{"type":"Feature","properties":{},"geometry":{"type":"Point","coordinates":[11.473,57.983]}},{"type":"Feature","properties":{},"geometry":{"type":"Point","coordinates":[12.831,55.785]}},{"type":"Feature","properties":{},"geometry":{"type":"Point","coordinates":[18.723,59.51]}},{"type":"Feature","properties":{},"geometry":{"type":"Point","coordinates":[17.458,60.319]}},{"type":"Feature","properties":{},"geometry":{"type":"Point","coordinates":[12.076,58.072]}},{"type":"Feature","properties":{},"geometry":{"type":"Point","coordinates":[19.357,59.769]}},{"type":"Feature","properties":{},"geometry":{"type":"Point","coordinates":[10.921,58.301]}},{"type":"Feature","properties":{},"geometry":{"type":"Point","coordinates":[13.619,56.482]}},{"type":"Feature","properties":{},"geometry":{"type":"Point","coordinates":[12.314,56.029]}},{"type":"Feature","properties":{},"geometry":{"type":"Point","coordinates":[14.982,56.106]}},{"type":"Feature","properties":{},"geometry":{"type":"Point","coordinates":[15.321,56.033]}},{"type":"Feature","properties":{},"geometry":{"type":"Point","coordinates":[11.936,56.072]}},{"type":"Feature","properties":{},"geometry":{"type":"Point","coordinates":[15.186,55.806]}},{"type":"Feature","properties":{},"geometry":{"type":"Point","coordinates":[12.984,54.364]}},{"type":"Feature","properties":{},"geometry":{"type":"Point","coordinates":[11.462,56.643]}},{"type":"Feature","properties":{},"geometry":{"type":"Point","coordinates":[18.197,58.928]}},{"type":"Feature","properties":{},"geometry":{"type":"Point","coordinates":[11.988,58.486]}},{"type":"Feature","properties":{},"geometry":{"type":"Point","coordinates":[13.726,55.192]}},{"type":"Feature","properties":{},"geometry":{"type":"Point","coordinates":[12.734,55.554]}},{"type":"Feature","properties":{},"geometry":{"type":"Point","coordinates":[13.478,57.417]}},{"type":"Feature","properties":{},"geometry":{"type":"Point","coordinates":[16.998,58.147]}},{"type":"Feature","properties":{},"geometry":{"type":"Point","coordinates":[12.706,56.103]}},{"type":"Feature","properties":{},"geometry":{"type":"Point","coordinates":[15.15,55.455]}},{"type":"Feature","properties":{},"geometry":{"type":"Point","coordinates":[12.037,57.448]}},{"type":"Feature","properties":{},"geometry":{"type":"Point","coordinates":[12.248,55.121]}},{"type":"Feature","properties":{},"geometry":{"type":"Point","coordinates":[13.031,54.831]}},{"type":"Feature","properties":{},"geometry":{"type":"Point","coordinates":[19.038,58.896]}},{"type":"Feature","properties":{},"geometry":{"type":"Point","coordinates":[11.739,56.059]}},{"type":"Feature","properties":{},"geometry":{"type":"Point","coordinates":[11.258,57.991]}},{"type":"Feature","properties":{},"geometry":{"type":"Point","coordinates":[15.31,54.738]}},{"type":"Feature","properties":{},"geometry":{"type":"Point","coordinates":[15.003,55.334]}},{"type":"Feature","properties":{},"geometry":{"type":"Point","coordinates":[12.371,58.031]}},{"type":"Feature","properties":{},"geometry":{"type":"Point","coordinates":[12.411,55.541]}},{"type":"Feature","properties":{},"geometry":{"type":"Point","coordinates":[15.153,56.652]}},{"type":"Feature","properties":{},"geometry":{"type":"Point","coordinates":[11.802,55.403]}},{"type":"Feature","properties":{},"geometry":{"type":"Point","coordinates":[11.705,57.016]}},{"type":"Feature","properties":{},"geometry":{"type":"Point","coordinates":[12.551,56.231]}},{"type":"Feature","properties":{},"geometry":{"type":"Point","coordinates":[11.839,57.953]}},{"type":"Feature","properties":{},"geometry":{"type":"Point","coordinates":[19.462,59.472]}},{"type":"Feature","properties":{},"geometry":{"type":"Point","coordinates":[13.952,54.93]}},{"type":"Feature","properties":{},"geometry":{"type":"Point","coordinates":[16.38,59.635]}},{"type":"Feature","properties":{},"geometry":{"type":"Point","coordinates":[13.312,56.522]}},{"type":"Feature","properties":{},"geometry":{"type":"Point","coordinates":[12.774,57.673]}},{"type":"Feature","properties":{},"geometry":{"type":"Point","coordinates":[12.378,57.012]}},{"type":"Feature","properties":{},"geometry":{"type":"Point","coordinates":[13.533,54.215]}},{"type":"Feature","properties":{},"geometry":{"type":"Point","coordinates":[13.973,55.096]}},{"type":"Feature","properties":{},"geometry":{"type":"Point","coordinates":[18.72,58.485]}},{"type":"Feature","properties":{},"geometry":{"type":"Point","coordinates":[11.818,55.221]}},{"type":"Feature","properties":{},"geometry":{"type":"Point","coordinates":[15.529,56.689]}},{"type":"Feature","properties":{},"geometry":{"type":"Point","coordinates":[18.502,59.131]}},{"type":"Feature","properties":{},"geometry":{"type":"Point","coordinates":[13.286,54.558]}},{"type":"Feature","properties":{},"geometry":{"type":"Point","coordinates":[11.711,56.814]}},{"type":"Feature","properties":{},"geometry":{"type":"Point","coordinates":[12.186,58.566]}},{"type":"Feature","properties":{},"geometry":{"type":"Point","coordinates":[13.105,56.691]}},{"type":"Feature","properties":{},"geometry":{"type":"Point","coordinates":[18.282,58.848]}},{"type":"Feature","properties":{},"geometry":{"type":"Point","coordinates":[14.876,55.374]}},{"type":"Feature","properties":{},"geometry":{"type":"Point","coordinates":[12.895,57.959]}},{"type":"Feature","properties":{},"geometry":{"type":"Point","coordinates":[15.053,57.284]}},{"type":"Feature","properties":{},"geometry":{"type":"Point","coordinates":[14.689,55.63]}},{"type":"Feature","properties":{},"geometry":{"type":"Point","coordinates":[18.532,59.885]}},{"type":"Feature","properties":{},"geometry":{"type":"Point","coordinates":[18.402,59.322]}},{"type":"Feature","properties":{},"geometry":{"type":"Point","coordinates":[12.836,55.545]}},{"type":"Feature","properties":{},"geometry":{"type":"Point","coordinates":[15.048,55.896]}},{"type":"Feature","properties":{},"geometry":{"type":"Point","coordinates":[11.539,58.081]}},{"type":"Feature","properties":{},"geometry":{"type":"Point","coordinates":[12.881,56.713]}},{"type":"Feature","properties":{},"geometry":{"type":"Point","coordinates":[13.187,56.795]}},{"type":"Feature","properties":{},"geometry":{"type":"Point","coordinates":[13.045,57.184]}},{"type":"Feature","properties":{},"geometry":{"type":"Point","coordinates":[12.394,57.066]}},{"type":"Feature","properties":{},"geometry":{"type":"Point","coordinates":[19.761,58.515]}},{"type":"Feature","properties":{},"geometry":{"type":"Point","coordinates":[14.383,55.167]}},{"type":"Feature","properties":{},"geometry":{"type":"Point","coordinates":[13.063,54.55]}},{"type":"Feature","properties":{},"geometry":{"type":"Point","coordinates":[17.082,59.961]}},{"type":"Feature","properties":{},"geometry":{"type":"Point","coordinates":[12.365,57.664]}},{"type":"Feature","properties":{},"geometry":{"type":"Point","coordinates":[14.702,56.155]}},{"type":"Feature","properties":{},"geometry":{"type":"Point","coordinates":[12.093,55.486]}},{"type":"Feature","properties":{},"geometry":{"type":"Point","coordinates":[17.161,59.886]}},{"type":"Feature","properties":{},"geometry":{"type":"Point","coordinates":[14.858,56.831]}},{"type":"Feature","properties":{},"geometry":{"type":"Point","coordinates":[16.471,55.959]}},{"type":"Feature","properties":{},"geometry":{"type":"Point","coordinates":[15.134,56.263]}},{"type":"Feature","properties":{},"geometry":{"type":"Point","coordinates":[17.198,58.796]}},{"type":"Feature","properties":{},"geometry":{"type":"Point","coordinates":[13.77,57.092]}},{"type":"Feature","properties":{},"geometry":{"type":"Point","coordinates":[11.953,58.061]}},{"type":"Feature","properties":{},"geometry":{"type":"Point","coordinates":[10.985,58.826]}},{"type":"Feature","properties":{},"geometry":{"type":"Point","coordinates":[17.924,60.172]}},{"type":"Feature","properties":{},"geometry":{"type":"Point","coordinates":[16.026,55.864]}},{"type":"Feature","properties":{},"geometry":{"type":"Point","coordinates":[13.914,56.821]}},{"type":"Feature","properties":{},"geometry":{"type":"Point","coordinates":[12.405,57.541]}},{"type":"Feature","properties":{},"geometry":{"type":"Point","coordinates":[16.202,56.206]}},{"type":"Feature","properties":{},"geometry":{"type":"Point","coordinates":[11.673,55.76]}},{"type":"Feature","properties":{},"geometry":{"type":"Point","coordinates":[12.947,55.582]}},{"type":"Feature","properties":{},"geometry":{"type":"Point","coordinates":[15.422,55.947]}},{"type":"Feature","properties":{},"geometry":{"type":"Point","coordinates":[13.3,55.866]}},{"type":"Feature","properties":{},"geometry":{"type":"Point","coordinates":[16.745,58.166]}},{"type":"Feature","properties":{},"geometry":{"type":"Point","coordinates":[13.418,56.118]}},{"type":"Feature","properties":{},"geometry":{"type":"Point","coordinates":[12.573,54.578]}},{"type":"Feature","properties":{},"geometry":{"type":"Point","coordinates":[10.803,58.538]}},{"type":"Feature","properties":{},"geometry":{"type":"Point","coordinates":[14.733,56.235]}},{"type":"Feature","properties":{},"geometry":{"type":"Point","coordinates":[12.613,55.9]}},{"type":"Feature","properties":{},"geometry":{"type":"Point","coordinates":[17.852,58.306]}},{"type":"Feature","properties":{},"geometry":{"type":"Point","coordinates":[11.826,55.419]}},{"type":"Feature","properties":{},"geometry":{"type":"Point","coordinates":[14.444,55.407]}},{"type":"Feature","properties":{},"geometry":{"type":"Point","coordinates":[12.909,56.293]}},{"type":"Feature","properties":{},"geometry":{"type":"Point","coordinates":[11.548,58.453]}},{"type":"Feature","properties":{},"geometry":{"type":"Point","coordinates":[15.813,56.311]}},{"type":"Feature","properties":{},"geometry":{"type":"Point","coordinates":[19.128,59.904]}},{"type":"Feature","properties":{},"geometry":{"type":"Point","coordinates":[17.114,58.366]}},{"type":"Feature","properties":{},"geometry":{"type":"Point","coordinates":[18.64,59.159]}},{"type":"Feature","properties":{},"geometry":{"type":"Point","coordinates":[17.716,59.495]}},{"type":"Feature","properties":{},"geometry":{"type":"Point","coordinates":[16.768,58.682]}},{"type":"Feature","properties":{},"geometry":{"type":"Point","coordinates":[16.218,57.122]}},{"type":"Feature","properties":{},"geometry":{"type":"Point","coordinates":[17.514,59.115]}},{"type":"Feature","properties":{},"geometry":{"type":"Point","coordinates":[15.163,55.234]}},{"type":"Feature","properties":{},"geometry":{"type":"Point","coordinates":[12.183,57.504]}},{"type":"Feature","properties":{},"geometry":{"type":"Point","coordinates":[17.814,59.88]}},{"type":"Feature","properties":{},"geometry":{"type":"Point","coordinates":[12.859,56.363]}},{"type":"Feature","properties":{},"geometry":{"type":"Point","coordinates":[17.856,60.265]}},{"type":"Feature","properties":{},"geometry":{"type":"Point","coordinates":[13.234,54.814]}},{"type":"Feature","properties":{},"geometry":{"type":"Point","coordinates":[12.286,57.721]}},{"type":"Feature","properties":{},"geometry":{"type":"Point","coordinates":[15.009,57.892]}},{"type":"Feature","properties":{},"geometry":{"type":"Point","coordinates":[16.924,58.094]}},{"type":"Feature","properties":{},"geometry":{"type":"Point","coordinates":[13.443,54.955]}},{"type":"Feature","properties":{},"geometry":{"type":"Point","coordinates":[13.803,54.937]}},{"type":"Feature","properties":{},"geometry":{"type":"Point","coordinates":[13.452,56.409]}},{"type":"Feature","properties":{},"geometry":{"type":"Point","coordinates":[13.839,55.938]}},{"type":"Feature","properties":{},"geometry":{"type":"Point","coordinates":[18.089,58.784]}},{"type":"Feature","properties":{},"geometry":{"type":"Point","coordinates":[17.948,60.105]}},{"type":"Feature","properties":{},"geometry":{"type":"Point","coordinates":[18.097,58.801]}},{"type":"Feature","properties":{},"geometry":{"type":"Point","coordinates":[18.426,60.632]}},{"type":"Feature","properties":{},"geometry":{"type":"Point","coordinates":[14.082,55.174]}},{"type":"Feature","properties":{},"geometry":{"type":"Point","coordinates":[13.209,56.593]}},{"type":"Feature","properties":{},"geometry":{"type":"Point","coordinates":[18.448,59.604]}},{"type":"Feature","properties":{},"geometry":{"type":"Point","coordinates":[12.632,55.096]}},{"type":"Feature","properties":{},"geometry":{"type":"Point","coordinates":[13.444,55.049]}},{"type":"Feature","properties":{},"geometry":{"type":"Point","coordinates":[12.57,57.725]}},{"type":"Feature","properties":{},"geometry":{"type":"Point","coordinates":[14.355,55.867]}},{"type":"Feature","properties":{},"geometry":{"type":"Point","coordinates":[12.739,57.426]}},{"type":"Feature","properties":{},"geometry":{"type":"Point","coordinates":[13.076,55.099]}},{"type":"Feature","properties":{},"geometry":{"type":"Point","coordinates":[14.947,56.495]}},{"type":"Feature","properties":{},"geometry":{"type":"Point","coordinates":[11.997,57.934]}},{"type":"Feature","properties":{},"geometry":{"type":"Point","coordinates":[12.287,58.202]}},{"type":"Feature","properties":{},"geometry":{"type":"Point","coordinates":[18.601,58.224]}},{"type":"Feature","properties":{},"geometry":{"type":"Point","coordinates":[14.367,55.807]}},{"type":"Feature","properties":{},"geometry":{"type":"Point","coordinates":[12.425,55.757]}},{"type":"Feature","properties":{},"geometry":{"type":"Point","coordinates":[11.961,58.103]}},{"type":"Feature","properties":{},"geometry":{"type":"Point","coordinates":[12.722,54.808]}},{"type":"Feature","properties":{},"geometry":{"type":"Point","coordinates":[15.393,55.855]}},{"type":"Feature","properties":{},"geometry":{"type":"Point","coordinates":[11.662,59.169]}},{"type":"Feature","properties":{},"geometry":{"type":"Point","coordinates":[18.747,58.787]}},{"type":"Feature","properties":{},"geometry":{"type":"Point","coordinates":[17.896,58.996]}},{"type":"Feature","properties":{},"geometry":{"type":"Point","coordinates":[11.699,54.996]}},{"type":"Feature","properties":{},"geometry":{"type":"Point","coordinates":[17.912,60.174]}},{"type":"Feature","properties":{},"geometry":{"type":"Point","coordinates":[13.234,55.954]}},{"type":"Feature","properties":{},"geometry":{"type":"Point","coordinates":[14.532,55.909]}},{"type":"Feature","properties":{},"geometry":{"type":"Point","coordinates":[12.193,57.017]}},{"type":"Feature","properties":{},"geometry":{"type":"Point","coordinates":[18.46,59.012]}},{"type":"Feature","properties":{},"geometry":{"type":"Point","coordinates":[17.091,60.121]}},{"type":"Feature","properties":{},"geometry":{"type":"Point","coordinates":[12.174,55.035]}},{"type":"Feature","properties":{},"geometry":{"type":"Point","coordinates":[17.424,58.236]}},{"type":"Feature","properties":{},"geometry":{"type":"Point","coordinates":[14.108,54.925]}},{"type":"Feature","properties":{},"geometry":{"type":"Point","coordinates":[14.879,57.781]}},{"type":"Feature","properties":{},"geometry":{"type":"Point","coordinates":[12.037,55.429]}},{"type":"Feature","properties":{},"geometry":{"type":"Point","coordinates":[17.312,59.316]}},{"type":"Feature","properties":{},"geometry":{"type":"Point","coordinates":[18.88,58.676]}},{"type":"Feature","properties":{},"geometry":{"type":"Point","coordinates":[15.382,56.686]}},{"type":"Feature","properties":{},"geometry":{"type":"Point","coordinates":[12.75,57.884]}},{"type":"Feature","properties":{},"geometry":{"type":"Point","coordinates":[18.864,59.387]}},{"type":"Feature","properties":{},"geometry":{"type":"Point","coordinates":[12.604,54.408]}},{"type":"Feature","properties":{},"geometry":{"type":"Point","coordinates":[12.475,56.376]}},{"type":"Feature","properties":{},"geometry":{"type":"Point","coordinates":[11.813,57.922]}},{"type":"Feature","properties":{},"geometry":{"type":"Point","coordinates":[19.188,58.332]}},{"type":"Feature","properties":{},"geometry":{"type":"Point","coordinates":[17.734,59.546]}},{"type":"Feature","properties":{},"geometry":{"type":"Point","coordinates":[12.499,56.719]}},{"type":"Feature","properties":{},"geometry":{"type":"Point","coordinates":[17.242,58.937]}},{"type":"Feature","properties":{},"geometry":{"type":"Point","coordinates":[11.66,58.555]}},{"type":"Feature","properties":{},"geometry":{"type":"Point","coordinates":[11.179,56.974]}},{"type":"Feature","properties":{},"geometry":{"type":"Point","coordinates":[17.16,59.751]}},{"type":"Feature","properties":{},"geometry":{"type":"Point","coordinates":[10.979,57.903]}},{"type":"Feature","properties":{},"geometry":{"type":"Point","coordinates":[11.001,58.677]}},{"type":"Feature","properties":{},"geometry":{"type":"Point","coordinates":[13.022,56.092]}},{"type":"Feature","properties":{},"geometry":{"type":"Point","coordinates":[18.374,58.605]}},{"type":"Feature","properties":{},"geometry":{"type":"Point","coordinates":[12.737,55.162]}},{"type":"Feature","properties":{},"geometry":{"type":"Point","coordinates":[14.821,57.267]}},{"type":"Feature","properties":{},"geometry":{"type":"Point","coordinates":[12.244,56.222]}},{"type":"Feature","properties":{},"geometry":{"type":"Point","coordinates":[12.3,58.36]}},{"type":"Feature","properties":{},"geometry":{"type":"Point","coordinates":[18.647,59.724]}},{"type":"Feature","properties":{},"geometry":{"type":"Point","coordinates":[17.379,59.214]}},{"type":"Feature","properties":{},"geometry":{"type":"Point","coordinates":[17.973,57.913]}},{"type":"Feature","properties":{},"geometry":{"type":"Point","coordinates":[17.025,60.549]}},{"type":"Feature","properties":{},"geometry":{"type":"Point","coordinates":[18.543,60.005]}},{"type":"Feature","properties":{},"geometry":{"type":"Point","coordinates":[14.554,55.731]}},{"type":"Feature","properties":{},"geometry":{"type":"Point","coordinates":[14.174,55.623]}},{"type":"Feature","properties":{},"geometry":{"type":"Point","coordinates":[11.513,57.487]}},{"type":"Feature","properties":{},"geometry":{"type":"Point","coordinates":[12.023,58.019]}},{"type":"Feature","properties":{},"geometry":{"type":"Point","coordinates":[16.454,58.544]}},{"type":"Feature","properties":{},"geometry":{"type":"Point","coordinates":[11.353,57.467]}},{"type":"Feature","properties":{},"geometry":{"type":"Point","coordinates":[13.854,56.339]}},{"type":"Feature","properties":{},"geometry":{"type":"Point","coordinates":[12.051,57.659]}},{"type":"Feature","properties":{},"geometry":{"type":"Point","coordinates":[13.317,56.243]}},{"type":"Feature","properties":{},"geometry":{"type":"Point","coordinates":[15.554,55.864]}},{"type":"Feature","properties":{},"geometry":{"type":"Point","coordinates":[14.077,55.529]}},{"type":"Feature","properties":{},"geometry":{"type":"Point","coordinates":[15.022,57.284]}},{"type":"Feature","properties":{},"geometry":{"type":"Point","coordinates":[14.061,57.718]}},{"type":"Feature","properties":{},"geometry":{"type":"Point","coordinates":[12.67,57.832]}},{"type":"Feature","properties":{},"geometry":{"type":"Point","coordinates":[17.715,58.969]}},{"type":"Feature","properties":{},"geometry":{"type":"Point","coordinates":[15.201,56.29]}},{"type":"Feature","properties":{},"geometry":{"type":"Point","coordinates":[12.867,55.243]}},{"type":"Feature","properties":{},"geometry":{"type":"Point","coordinates":[13.824,54.922]}},{"type":"Feature","properties":{},"geometry":{"type":"Point","coordinates":[15.469,56.705]}},{"type":"Feature","properties":{},"geometry":{"type":"Point","coordinates":[13.841,55.541]}},{"type":"Feature","properties":{},"geometry":{"type":"Point","coordinates":[11.963,57.297]}},{"type":"Feature","properties":{},"geometry":{"type":"Point","coordinates":[13.177,55.71]}},{"type":"Feature","properties":{},"geometry":{"type":"Point","coordinates":[17.87,58.758]}},{"type":"Feature","properties":{},"geometry":{"type":"Point","coordinates":[13.041,55.696]}},{"type":"Feature","properties":{},"geometry":{"type":"Point","coordinates":[15.022,54.567]}},{"type":"Feature","properties":{},"geometry":{"type":"Point","coordinates":[13.574,56.005]}},{"type":"Feature","properties":{},"geometry":{"type":"Point","coordinates":[12.925,56.912]}},{"type":"Feature","properties":{},"geometry":{"type":"Point","coordinates":[18.111,58.209]}},{"type":"Feature","properties":{},"geometry":{"type":"Point","coordinates":[18.387,60.265]}},{"type":"Feature","properties":{},"geometry":{"type":"Point","coordinates":[13.338,55.536]}},{"type":"Feature","properties":{},"geometry":{"type":"Point","coordinates":[18.786,61.017]}},{"type":"Feature","properties":{},"geometry":{"type":"Point","coordinates":[14.66,55.786]}},{"type":"Feature","properties":{},"geometry":{"type":"Point","coordinates":[12.892,56.866]}},{"type":"Feature","properties":{},"geometry":{"type":"Point","coordinates":[12.879,57.087]}},{"type":"Feature","properties":{},"geometry":{"type":"Point","coordinates":[17.087,59.217]}},{"type":"Feature","properties":{},"geometry":{"type":"Point","coordinates":[13.235,55.095]}},{"type":"Feature","properties":{},"geometry":{"type":"Point","coordinates":[13.056,58.359]}},{"type":"Feature","properties":{},"geometry":{"type":"Point","coordinates":[18.601,60.389]}},{"type":"Feature","properties":{},"geometry":{"type":"Point","coordinates":[17.581,60.634]}},{"type":"Feature","properties":{},"geometry":{"type":"Point","coordinates":[11.307,55.321]}},{"type":"Feature","properties":{},"geometry":{"type":"Point","coordinates":[19.574,59.081]}},{"type":"Feature","properties":{},"geometry":{"type":"Point","coordinates":[11.82,57.255]}},{"type":"Feature","properties":{},"geometry":{"type":"Point","coordinates":[12.134,57.245]}},{"type":"Feature","properties":{},"geometry":{"type":"Point","coordinates":[17.118,58.968]}},{"type":"Feature","properties":{},"geometry":{"type":"Point","coordinates":[15.537,55.619]}},{"type":"Feature","properties":{},"geometry":{"type":"Point","coordinates":[12.737,54.379]}},{"type":"Feature","properties":{},"geometry":{"type":"Point","coordinates":[13.799,55.091]}},{"type":"Feature","properties":{},"geometry":{"type":"Point","coordinates":[11.892,57.57]}},{"type":"Feature","properties":{},"geometry":{"type":"Point","coordinates":[17.53,60.014]}},{"type":"Feature","properties":{},"geometry":{"type":"Point","coordinates":[14.404,56.215]}},{"type":"Feature","properties":{},"geometry":{"type":"Point","coordinates":[11.854,58.248]}},{"type":"Feature","properties":{},"geometry":{"type":"Point","coordinates":[12.978,56.076]}},{"type":"Feature","properties":{},"geometry":{"type":"Point","coordinates":[11.224,56.862]}},{"type":"Feature","properties":{},"geometry":{"type":"Point","coordinates":[17.629,59.405]}},{"type":"Feature","properties":{},"geometry":{"type":"Point","coordinates":[12.302,57.096]}},{"type":"Feature","properties":{},"geometry":{"type":"Point","coordinates":[15.374,56.737]}},{"type":"Feature","properties":{},"geometry":{"type":"Point","coordinates":[10.977,57.862]}},{"type":"Feature","properties":{},"geometry":{"type":"Point","coordinates":[18.794,59.518]}},{"type":"Feature","properties":{},"geometry":{"type":"Point","coordinates":[15.905,56.379]}},{"type":"Feature","properties":{},"geometry":{"type":"Point","coordinates":[15.364,56.294]}},{"type":"Feature","properties":{},"geometry":{"type":"Point","coordinates":[18.429,59.109]}},{"type":"Feature","properties":{},"geometry":{"type":"Point","coordinates":[17.984,58.868]}},{"type":"Feature","properties":{},"geometry":{"type":"Point","coordinates":[14.988,56.414]}},{"type":"Feature","properties":{},"geometry":{"type":"Point","coordinates":[14.285,56.49]}},{"type":"Feature","properties":{},"geometry":{"type":"Point","coordinates":[15.846,56.291]}},{"type":"Feature","properties":{},"geometry":{"type":"Point","coordinates":[12.401,56.738]}},{"type":"Feature","properties":{},"geometry":{"type":"Point","coordinates":[13.214,54.221]}},{"type":"Feature","properties":{},"geometry":{"type":"Point","coordinates":[11.846,57.319]}},{"type":"Feature","properties":{},"geometry":{"type":"Point","coordinates":[14.182,55.388]}},{"type":"Feature","properties":{},"geometry":{"type":"Point","coordinates":[12.219,55.442]}},{"type":"Feature","properties":{},"geometry":{"type":"Point","coordinates":[11.249,58.874]}},{"type":"Feature","properties":{},"geometry":{"type":"Point","coordinates":[11.78,58.649]}},{"type":"Feature","properties":{},"geometry":{"type":"Point","coordinates":[13.739,55.864]}},{"type":"Feature","properties":{},"geometry":{"type":"Point","coordinates":[12.409,54.835]}},{"type":"Feature","properties":{},"geometry":{"type":"Point","coordinates":[11.765,58.501]}},{"type":"Feature","properties":{},"geometry":{"type":"Point","coordinates":[12.37,57.471]}},{"type":"Feature","properties":{},"geometry":{"type":"Point","coordinates":[12.134,55.686]}},{"type":"Feature","properties":{},"geometry":{"type":"Point","coordinates":[12.882,56.734]}},{"type":"Feature","properties":{},"geometry":{"type":"Point","coordinates":[15.083,55.883]}},{"type":"Feature","properties":{},"geometry":{"type":"Point","coordinates":[11.397,57.274]}},{"type":"Feature","properties":{},"geometry":{"type":"Point","coordinates":[13.641,55.209]}},{"type":"Feature","properties":{},"geometry":{"type":"Point","coordinates":[13.411,54.818]}},{"type":"Feature","properties":{},"geometry":{"type":"Point","coordinates":[17.94,60.834]}},{"type":"Feature","properties":{},"geometry":{"type":"Point","coordinates":[15.794,55.722]}},{"type":"Feature","properties":{},"geometry":{"type":"Point","coordinates":[15.418,56.333]}},{"type":"Feature","properties":{},"geometry":{"type":"Point","coordinates":[17.839,60.985]}},{"type":"Feature","properties":{},"geometry":{"type":"Point","coordinates":[11.333,56.442]}},{"type":"Feature","properties":{},"geometry":{"type":"Point","coordinates":[10.778,57.604]}},{"type":"Feature","properties":{},"geometry":{"type":"Point","coordinates":[13.712,56.59]}},{"type":"Feature","properties":{},"geometry":{"type":"Point","coordinates":[12.743,56.146]}},{"type":"Feature","properties":{},"geometry":{"type":"Point","coordinates":[10.098,57.03]}},{"type":"Feature","properties":{},"geometry":{"type":"Point","coordinates":[19.259,60.834]}},{"type":"Feature","properties":{},"geometry":{"type":"Point","coordinates":[14.921,54.628]}},{"type":"Feature","properties":{},"geometry":{"type":"Point","coordinates":[12.131,56.081]}},{"type":"Feature","properties":{},"geometry":{"type":"Point","coordinates":[15.69,56.54]}},{"type":"Feature","properties":{},"geometry":{"type":"Point","coordinates":[11.925,58.55]}},{"type":"Feature","properties":{},"geometry":{"type":"Point","coordinates":[16.913,60.492]}},{"type":"Feature","properties":{},"geometry":{"type":"Point","coordinates":[18.65,58.68]}},{"type":"Feature","properties":{},"geometry":{"type":"Point","coordinates":[14.215,55.199]}},{"type":"Feature","properties":{},"geometry":{"type":"Point","coordinates":[18.834,58.357]}},{"type":"Feature","properties":{},"geometry":{"type":"Point","coordinates":[15.65,56.185]}},{"type":"Feature","properties":{},"geometry":{"type":"Point","coordinates":[17.084,59.399]}},{"type":"Feature","properties":{},"geometry":{"type":"Point","coordinates":[13.351,55.675]}},{"type":"Feature","properties":{},"geometry":{"type":"Point","coordinates":[12.718,55.141]}},{"type":"Feature","properties":{},"geometry":{"type":"Point","coordinates":[12.246,59.144]}},{"type":"Feature","properties":{},"geometry":{"type":"Point","coordinates":[12.63,57.577]}},{"type":"Feature","properties":{},"geometry":{"type":"Point","coordinates":[12.724,55.509]}},{"type":"Feature","properties":{},"geometry":{"type":"Point","coordinates":[18.095,57.712]}},{"type":"Feature","properties":{},"geometry":{"type":"Point","coordinates":[17.191,60.082]}},{"type":"Feature","properties":{},"geometry":{"type":"Point","coordinates":[17.395,58.677]}},{"type":"Feature","properties":{},"geometry":{"type":"Point","coordinates":[11.18,58.494]}},{"type":"Feature","properties":{},"geometry":{"type":"Point","coordinates":[11.378,57.048]}},{"type":"Feature","properties":{},"geometry":{"type":"Point","coordinates":[12.849,56.503]}},{"type":"Feature","properties":{},"geometry":{"type":"Point","coordinates":[14.964,56.634]}},{"type":"Feature","properties":{},"geometry":{"type":"Point","coordinates":[18.181,60.606]}},{"type":"Feature","properties":{},"geometry":{"type":"Point","coordinates":[10.447,57.457]}},{"type":"Feature","properties":{},"geometry":{"type":"Point","coordinates":[12.125,57.785]}},{"type":"Feature","properties":{},"geometry":{"type":"Point","coordinates":[13.794,56.602]}},{"type":"Feature","properties":{},"geometry":{"type":"Point","coordinates":[13.839,55.43]}},{"type":"Feature","properties":{},"geometry":{"type":"Point","coordinates":[13.995,56.134]}},{"type":"Feature","properties":{},"geometry":{"type":"Point","coordinates":[13.538,55.682]}},{"type":"Feature","properties":{},"geometry":{"type":"Point","coordinates":[17.82,58.205]}},{"type":"Feature","properties":{},"geometry":{"type":"Point","coordinates":[16.917,56.308]}},{"type":"Feature","properties":{},"geometry":{"type":"Point","coordinates":[15.245,55.694]}},{"type":"Feature","properties":{},"geometry":{"type":"Point","coordinates":[11.74,56.178]}},{"type":"Feature","properties":{},"geometry":{"type":"Point","coordinates":[18.048,59.255]}},{"type":"Feature","properties":{},"geometry":{"type":"Point","coordinates":[14.861,56.484]}},{"type":"Feature","properties":{},"geometry":{"type":"Point","coordinates":[12.102,58.046]}},{"type":"Feature","properties":{},"geometry":{"type":"Point","coordinates":[15.467,55.384]}},{"type":"Feature","properties":{},"geometry":{"type":"Point","coordinates":[13.033,54.815]}},{"type":"Feature","properties":{},"geometry":{"type":"Point","coordinates":[13.417,56.393]}},{"type":"Feature","properties":{},"geometry":{"type":"Point","coordinates":[13.119,56.076]}},{"type":"Feature","properties":{},"geometry":{"type":"Point","coordinates":[15.408,56.625]}},{"type":"Feature","properties":{},"geometry":{"type":"Point","coordinates":[11.991,57.492]}},{"type":"Feature","properties":{},"geometry":{"type":"Point","coordinates":[17.272,59.267]}},{"type":"Feature","properties":{},"geometry":{"type":"Point","coordinates":[15.178,56.333]}},{"type":"Feature","properties":{},"geometry":{"type":"Point","coordinates":[17.344,59.08]}},{"type":"Feature","properties":{},"geometry":{"type":"Point","coordinates":[18.917,60.856]}},{"type":"Feature","properties":{},"geometry":{"type":"Point","coordinates":[12.48,57.518]}},{"type":"Feature","properties":{},"geometry":{"type":"Point","coordinates":[12.487,56.377]}},{"type":"Feature","properties":{},"geometry":{"type":"Point","coordinates":[13.364,55.5]}},{"type":"Feature","properties":{},"geometry":{"type":"Point","coordinates":[13.35,56.883]}},{"type":"Feature","properties":{},"geometry":{"type":"Point","coordinates":[14.032,56.538]}},{"type":"Feature","properties":{},"geometry":{"type":"Point","coordinates":[12.575,58.64]}},{"type":"Feature","properties":{},"geometry":{"type":"Point","coordinates":[14.867,55.99]}},{"type":"Feature","properties":{},"geometry":{"type":"Point","coordinates":[17.221,59.542]}},{"type":"Feature","properties":{},"geometry":{"type":"Point","coordinates":[13.293,57.033]}},{"type":"Feature","properties":{},"geometry":{"type":"Point","coordinates":[14.047,57.285]}},{"type":"Feature","properties":{},"geometry":{"type":"Point","coordinates":[11.489,56.208]}},{"type":"Feature","properties":{},"geometry":{"type":"Point","coordinates":[14.241,55.085]}},{"type":"Feature","properties":{},"geometry":{"type":"Point","coordinates":[18.443,57.877]}},{"type":"Feature","properties":{},"geometry":{"type":"Point","coordinates":[16.863,59.566]}},{"type":"Feature","properties":{},"geometry":{"type":"Point","coordinates":[15.287,56.745]}},{"type":"Feature","properties":{},"geometry":{"type":"Point","coordinates":[15.483,54.773]}},{"type":"Feature","properties":{},"geometry":{"type":"Point","coordinates":[13.27,55.323]}},{"type":"Feature","properties":{},"geometry":{"type":"Point","coordinates":[17.884,59.587]}},{"type":"Feature","properties":{},"geometry":{"type":"Point","coordinates":[18.313,60.005]}},{"type":"Feature","properties":{},"geometry":{"type":"Point","coordinates":[13.501,56.28]}},{"type":"Feature","properties":{},"geometry":{"type":"Point","coordinates":[11.75,58.974]}},{"type":"Feature","properties":{},"geometry":{"type":"Point","coordinates":[18.215,59.128]}},{"type":"Feature","properties":{},"geometry":{"type":"Point","coordinates":[18.113,59.761]}},{"type":"Feature","properties":{},"geometry":{"type":"Point","coordinates":[12.589,57.813]}},{"type":"Feature","properties":{},"geometry":{"type":"Point","coordinates":[13.363,55.735]}},{"type":"Feature","properties":{},"geometry":{"type":"Point","coordinates":[18.126,59.504]}},{"type":"Feature","properties":{},"geometry":{"type":"Point","coordinates":[11.727,57.766]}},{"type":"Feature","properties":{},"geometry":{"type":"Point","coordinates":[16.351,60.005]}},{"type":"Feature","properties":{},"geometry":{"type":"Point","coordinates":[15.908,55.802]}},{"type":"Feature","properties":{},"geometry":{"type":"Point","coordinates":[17.641,59.73]}},{"type":"Feature","properties":{},"geometry":{"type":"Point","coordinates":[16.959,56.542]}},{"type":"Feature","properties":{},"geometry":{"type":"Point","coordinates":[14.41,56.828]}},{"type":"Feature","properties":{},"geometry":{"type":"Point","coordinates":[19.402,58.564]}},{"type":"Feature","properties":{},"geometry":{"type":"Point","coordinates":[13.744,56.656]}},{"type":"Feature","properties":{},"geometry":{"type":"Point","coordinates":[14.207,55.983]}},{"type":"Feature","properties":{},"geometry":{"type":"Point","coordinates":[10.671,56.06]}},{"type":"Feature","properties":{},"geometry":{"type":"Point","coordinates":[14.615,57.696]}},{"type":"Feature","properties":{},"geometry":{"type":"Point","coordinates":[12.195,55.366]}},{"type":"Feature","properties":{},"geometry":{"type":"Point","coordinates":[12.973,58.013]}},{"type":"Feature","properties":{},"geometry":{"type":"Point","coordinates":[14.95,56.281]}},{"type":"Feature","properties":{},"geometry":{"type":"Point","coordinates":[17.471,59.17]}},{"type":"Feature","properties":{},"geometry":{"type":"Point","coordinates":[13.219,56.959]}},{"type":"Feature","properties":{},"geometry":{"type":"Point","coordinates":[14.522,56.832]}},{"type":"Feature","properties":{},"geometry":{"type":"Point","coordinates":[14.089,55.96]}},{"type":"Feature","properties":{},"geometry":{"type":"Point","coordinates":[17.95,58.744]}},{"type":"Feature","properties":{},"geometry":{"type":"Point","coordinates":[15.591,56.746]}},{"type":"Feature","properties":{},"geometry":{"type":"Point","coordinates":[14.778,55.72]}},{"type":"Feature","properties":{},"geometry":{"type":"Point","coordinates":[18.24,58.89]}},{"type":"Feature","properties":{},"geometry":{"type":"Point","coordinates":[15.18,55.399]}},{"type":"Feature","properties":{},"geometry":{"type":"Point","coordinates":[13.257,55.623]}},{"type":"Feature","properties":{},"geometry":{"type":"Point","coordinates":[15.004,56.049]}},{"type":"Feature","properties":{},"geometry":{"type":"Point","coordinates":[18.208,59.557]}},{"type":"Feature","properties":{},"geometry":{"type":"Point","coordinates":[12.788,57.137]}},{"type":"Feature","properties":{},"geometry":{"type":"Point","coordinates":[13.653,56.505]}},{"type":"Feature","properties":{},"geometry":{"type":"Point","coordinates":[18.544,58.294]}},{"type":"Feature","properties":{},"geometry":{"type":"Point","coordinates":[13.369,57.176]}},{"type":"Feature","properties":{},"geometry":{"type":"Point","coordinates":[16.982,58.678]}},{"type":"Feature","properties":{},"geometry":{"type":"Point","coordinates":[18.427,59.6]}},{"type":"Feature","properties":{},"geometry":{"type":"Point","coordinates":[13.961,54.379]}},{"type":"Feature","properties":{},"geometry":{"type":"Point","coordinates":[10.417,57.294]}},{"type":"Feature","properties":{},"geometry":{"type":"Point","coordinates":[11.312,56.916]}},{"type":"Feature","properties":{},"geometry":{"type":"Point","coordinates":[15.103,57.216]}},{"type":"Feature","properties":{},"geometry":{"type":"Point","coordinates":[13.361,55.795]}},{"type":"Feature","properties":{},"geometry":{"type":"Point","coordinates":[15.259,56.818]}},{"type":"Feature","properties":{},"geometry":{"type":"Point","coordinates":[13.292,55.3]}},{"type":"Feature","properties":{},"geometry":{"type":"Point","coordinates":[18.04,60.628]}},{"type":"Feature","properties":{},"geometry":{"type":"Point","coordinates":[14.388,54.829]}},{"type":"Feature","properties":{},"geometry":{"type":"Point","coordinates":[14.498,56.941]}},{"type":"Feature","properties":{},"geometry":{"type":"Point","coordinates":[12.796,57.033]}},{"type":"Feature","properties":{},"geometry":{"type":"Point","coordinates":[12.196,59.303]}},{"type":"Feature","properties":{},"geometry":{"type":"Point","coordinates":[13.977,55.384]}},{"type":"Feature","properties":{},"geometry":{"type":"Point","coordinates":[11.003,58.267]}},{"type":"Feature","properties":{},"geometry":{"type":"Point","coordinates":[14.843,56.401]}},{"type":"Feature","properties":{},"geometry":{"type":"Point","coordinates":[10.96,58.461]}},{"type":"Feature","properties":{},"geometry":{"type":"Point","coordinates":[14.04,54.897]}},{"type":"Feature","properties":{},"geometry":{"type":"Point","coordinates":[17.866,60.256]}},{"type":"Feature","properties":{},"geometry":{"type":"Point","coordinates":[13.131,55.721]}},{"type":"Feature","properties":{},"geometry":{"type":"Point","coordinates":[13.944,56.92]}},{"type":"Feature","properties":{},"geometry":{"type":"Point","coordinates":[13.148,58.788]}},{"type":"Feature","properties":{},"geometry":{"type":"Point","coordinates":[12.042,55.652]}},{"type":"Feature","properties":{},"geometry":{"type":"Point","coordinates":[14.29,55.075]}},{"type":"Feature","properties":{},"geometry":{"type":"Point","coordinates":[14.513,56.676]}},{"type":"Feature","properties":{},"geometry":{"type":"Point","coordinates":[17.752,58.307]}},{"type":"Feature","properties":{},"geometry":{"type":"Point","coordinates":[17.415,59.084]}},{"type":"Feature","properties":{},"geometry":{"type":"Point","coordinates":[16.548,55.077]}},{"type":"Feature","properties":{},"geometry":{"type":"Point","coordinates":[15.352,57.531]}},{"type":"Feature","properties":{},"geometry":{"type":"Point","coordinates":[13.653,56.065]}},{"type":"Feature","properties":{},"geometry":{"type":"Point","coordinates":[10.545,58.352]}},{"type":"Feature","properties":{},"geometry":{"type":"Point","coordinates":[14.572,57.527]}},{"type":"Feature","properties":{},"geometry":{"type":"Point","coordinates":[13.159,54.974]}},{"type":"Feature","properties":{},"geometry":{"type":"Point","coordinates":[12.159,58.136]}},{"type":"Feature","properties":{},"geometry":{"type":"Point","coordinates":[14.733,56.136]}},{"type":"Feature","properties":{},"geometry":{"type":"Point","coordinates":[15.255,56.273]}},{"type":"Feature","properties":{},"geometry":{"type":"Point","coordinates":[12.652,56.263]}},{"type":"Feature","properties":{},"geometry":{"type":"Point","coordinates":[14.659,56.108]}},{"type":"Feature","properties":{},"geometry":{"type":"Point","coordinates":[15.049,56.008]}},{"type":"Feature","properties":{},"geometry":{"type":"Point","coordinates":[13.34,56.226]}},{"type":"Feature","properties":{},"geometry":{"type":"Point","coordinates":[11.274,56.276]}},{"type":"Feature","properties":{},"geometry":{"type":"Point","coordinates":[12.991,55.565]}},{"type":"Feature","properties":{},"geometry":{"type":"Point","coordinates":[14.621,57.093]}},{"type":"Feature","properties":{},"geometry":{"type":"Point","coordinates":[11.503,58.026]}},{"type":"Feature","properties":{},"geometry":{"type":"Point","coordinates":[12.05,57.031]}},{"type":"Feature","properties":{},"geometry":{"type":"Point","coordinates":[18.421,57.978]}},{"type":"Feature","properties":{},"geometry":{"type":"Point","coordinates":[10.919,58.787]}},{"type":"Feature","properties":{},"geometry":{"type":"Point","coordinates":[17.421,59.335]}},{"type":"Feature","properties":{},"geometry":{"type":"Point","coordinates":[16.751,58.813]}},{"type":"Feature","properties":{},"geometry":{"type":"Point","coordinates":[11.046,58.422]}},{"type":"Feature","properties":{},"geometry":{"type":"Point","coordinates":[14.515,56.468]}},{"type":"Feature","properties":{},"geometry":{"type":"Point","coordinates":[12.412,58.185]}},{"type":"Feature","properties":{},"geometry":{"type":"Point","coordinates":[14.693,55.917]}},{"type":"Feature","properties":{},"geometry":{"type":"Point","coordinates":[15.037,56.152]}},{"type":"Feature","properties":{},"geometry":{"type":"Point","coordinates":[13.074,55.452]}},{"type":"Feature","properties":{},"geometry":{"type":"Point","coordinates":[11.717,58.04]}},{"type":"Feature","properties":{},"geometry":{"type":"Point","coordinates":[11.511,54.683]}},{"type":"Feature","properties":{},"geometry":{"type":"Point","coordinates":[12.316,56.609]}},{"type":"Feature","properties":{},"geometry":{"type":"Point","coordinates":[17.136,59.624]}},{"type":"Feature","properties":{},"geometry":{"type":"Point","coordinates":[14.64,57.012]}},{"type":"Feature","properties":{},"geometry":{"type":"Point","coordinates":[15.43,56.182]}},{"type":"Feature","properties":{},"geometry":{"type":"Point","coordinates":[10.738,56.385]}},{"type":"Feature","properties":{},"geometry":{"type":"Point","coordinates":[13.091,55.387]}},{"type":"Feature","properties":{},"geometry":{"type":"Point","coordinates":[17.13,58.245]}},{"type":"Feature","properties":{},"geometry":{"type":"Point","coordinates":[11.926,56.787]}},{"type":"Feature","properties":{},"geometry":{"type":"Point","coordinates":[19.187,59.747]}},{"type":"Feature","properties":{},"geometry":{"type":"Point","coordinates":[14.37,56.908]}},{"type":"Feature","properties":{},"geometry":{"type":"Point","coordinates":[14.372,55.52]}},{"type":"Feature","properties":{},"geometry":{"type":"Point","coordinates":[17.285,58.798]}},{"type":"Feature","properties":{},"geometry":{"type":"Point","coordinates":[16.547,55.032]}},{"type":"Feature","properties":{},"geometry":{"type":"Point","coordinates":[17.767,58.812]}},{"type":"Feature","properties":{},"geometry":{"type":"Point","coordinates":[15.63,54.555]}},{"type":"Feature","properties":{},"geometry":{"type":"Point","coordinates":[16.279,55.847]}},{"type":"Feature","properties":{},"geometry":{"type":"Point","coordinates":[16.907,59.85]}},{"type":"Feature","properties":{},"geometry":{"type":"Point","coordinates":[14.85,56.286]}},{"type":"Feature","properties":{},"geometry":{"type":"Point","coordinates":[16.016,56.104]}},{"type":"Feature","properties":{},"geometry":{"type":"Point","coordinates":[12.54,54.972]}},{"type":"Feature","properties":{},"geometry":{"type":"Point","coordinates":[10.765,58.547]}},{"type":"Feature","properties":{},"geometry":{"type":"Point","coordinates":[13.303,58.597]}},{"type":"Feature","properties":{},"geometry":{"type":"Point","coordinates":[13.353,58.881]}},{"type":"Feature","properties":{},"geometry":{"type":"Point","coordinates":[18.292,58.149]}},{"type":"Feature","properties":{},"geometry":{"type":"Point","coordinates":[18.909,59.339]}},{"type":"Feature","properties":{},"geometry":{"type":"Point","coordinates":[13.701,57.118]}},{"type":"Feature","properties":{},"geometry":{"type":"Point","coordinates":[17.978,60.412]}},{"type":"Feature","properties":{},"geometry":{"type":"Point","coordinates":[15.904,56.517]}},{"type":"Feature","properties":{},"geometry":{"type":"Point","coordinates":[13.864,54.059]}},{"type":"Feature","properties":{},"geometry":{"type":"Point","coordinates":[17.928,59.563]}},{"type":"Feature","properties":{},"geometry":{"type":"Point","coordinates":[15.446,55.927]}},{"type":"Feature","properties":{},"geometry":{"type":"Point","coordinates":[14.841,56.505]}},{"type":"Feature","properties":{},"geometry":{"type":"Point","coordinates":[14.523,55.205]}},{"type":"Feature","properties":{},"geometry":{"type":"Point","coordinates":[14.014,56.646]}},{"type":"Feature","properties":{},"geometry":{"type":"Point","coordinates":[14.153,56.87]}},{"type":"Feature","properties":{},"geometry":{"type":"Point","coordinates":[17.385,60.027]}},{"type":"Feature","properties":{},"geometry":{"type":"Point","coordinates":[13.496,55.33]}}]}